bckoff/🔒 id task _txt,bckoff/ id Macro-Function _txt,bckoff/ (LK) label Macro-Function,bckoff/ id Function _txt,bckoff/ (LK) title Function,bckoff/ id deliverable _txt,bckoff/ (LK) label deliverable,bckoff/ (UPPER) deliverable title,title task _txt,prompt/ level biz impact _nb,prompt/ (M) impact multiplicator,prompt/ type _txt,prompt/ user needed input 1 _txt,prompt/ user needed input 2 _txt,prompt/ user needed input 3 _txt,prompt/ user needed input 4 _txt,prompt/ (TP) user needed inputs,AsstStep1/ (USC) view Macro-Function _txt,AsstStep1/ (LK) label view Macro-Function,AsstStep1/ (SV) label view Macro-Function,AsstStep2/ (USC) view Function _txt,AsstStep2/ (LK) label view Function,AsstStep2/ (SV) label view Function,AsstStep2/ (TP) deliverable- AI impact % and hours,AsstStep2/ (LK) Function- # workload,AsstStep2/ (LK) Function- # AI impact,wrkld/ (SV) # Macro function,wrkld/ (LK) function- # highest,wrkld/ (LK) function- label highest,wrkld/ (RU) deliverable- # highest,wrkld/ (JL) deliverable- label highest,AIpty/ (SV) # macro function,AIpty/ (LK) function- # highest,AIpty/ (LK) function- label highest,AIpty/ (RU) deliverable- # highest,AIpty/ (JL) deliverable- label highest,testAI/ (USC) prompt general,aiStore/ (TP) prompt,export/ ⏱️(TP) prompt for csv,interact/ (USC) see guide _nb,interact/ (XLS) guide- even true,interact/ (USC) synthesis submenu _nb,prompt/ user needed input 5 _txt,AsstStep2/ (USC) mn to method _nb,AsstStep2/ (USC) mn to analyse _nb,AsstStep2/ (USC) yearly ocurrences _nb,AsstStep2/ (M) deliverable- # workload,AsstStep2/ (M) deliverable- # AI impact,AsstStep2/ (M) deliverable- % AI impact,testAI/ 🚧 (USC) type of AI test _txt,AsstStep2/ (USC) mn to text _nb,testAI/ (USC) ai answer _txt,testAI/ (IF) ai answer,AsstStep2/ (USC) mn to mmdia _nb,wrkld/ (IF) deliverable- label highest,AIpty/ (IF) deliverable- label highest,testAI/ (USC) ai launched _nb
z3D-lR-XSGSGQbyD2rZP5g,my6VdsqMSt2govE7qBhx0w,RH,Omp5ecCORbaLRzsokeLBNQ,Stratégie RH,z3D-lR-XSGSGQbyD2rZP5g,OKRs et KPIs,OKRS ET KPIS,Analyser les indicateurs de performance actuels par rapport à des références sectorielles.,1,"0,2",ANALYSER,Company's strategic goals,Current performance metrics,Industry benchmarks,Organizational structure,Company's strategic goals | Current performance metrics | Industry benchmarks | Organizational structure | ,my6VdsqMSt2govE7qBhx0w,RH,RH,357YnctJT9KtOrXrWg7e9g,Compensation & benefits (C&B),Compensation & benefits (C&B), | ,"3693,4","812,04","3693,4","3693,4",Stratégie RH,3000,Structure organisationnelle,"812,04","812,04",Stratégie RH,600,Structure organisationnelle,"Your role: in the HR function, you are an expert in ""HR strategy & monitoring"" and in particular in the activity ""Forecast of hiring needs"".

Instruction: for this activity, provide best practices and examples of content.

Format: 
- Provide very conrete recommendations. 
- Answer directly without introductory considerations.","""OKRs et KPIs"" in function ""Stratégie RH""","Role: You are a data analyst specializing in Human Resources (HR) processes.

Context: You have this .csv file  that contains data on various HR Functions and their corresponding HR Activities. This file provides insights into the time allocation for each HR Function and Activity, and potential productivity gains through the use of Artificial Intelligence (AI).

Task: Your job is to analyze this .csv file and prepare a report. The report should offer recommendations on which HR Functions and Activities should be prioritized for AI transformation.

Report Specifications:
- The report should be concise, not exceeding 600 words.
- It should include text, graphs, and diagrams (using the ""daigr.am"" plugin, if possible).
- The report should begin with a succinct executive summary that includes: the total hours currently spent on HR, the overall potential for productivity improvement with AI, a graph showing productivity potential by HR Function, and the top 3 HR Activities with the greatest productivity potential.
- The report should be structured as follows: 1. Analysis of the current situation for each HR Function and Activity; 2. AI potential for each HR Function and Activity; 3. Recommendations for the top 3 priorities; 4. Specific actions to be taken.",9,false,1,,,,,,,,,,,,,,,
m76PUz.lRg6kLPb4m65RGQ,my6VdsqMSt2govE7qBhx0w,RH,Omp5ecCORbaLRzsokeLBNQ,Stratégie RH,z3D-lR-XSGSGQbyD2rZP5g,OKRs et KPIs,OKRS ET KPIS,Trouver les dernières tendances en matière d'OKR et d'ICP dans des secteurs d'activité similaires.,1,"0,2",CHERCHER,Company's strategic goals,Current performance metrics,Industry benchmarks,Organizational structure,Company's strategic goals | Current performance metrics | Industry benchmarks | Organizational structure | ,,,RH,,,Compensation & benefits (C&B), | ,"3693,4","812,04","3693,4","3693,4",Stratégie RH,3000,Structure organisationnelle,"812,04","812,04",Stratégie RH,600,Structure organisationnelle,,"""OKRs et KPIs"" in function ""Stratégie RH""","Role: You are a data analyst specializing in Human Resources (HR) processes.

Context: You have this .csv file  that contains data on various HR Functions and their corresponding HR Activities. This file provides insights into the time allocation for each HR Function and Activity, and potential productivity gains through the use of Artificial Intelligence (AI).

Task: Your job is to analyze this .csv file and prepare a report. The report should offer recommendations on which HR Functions and Activities should be prioritized for AI transformation.

Report Specifications:
- The report should be concise, not exceeding 600 words.
- It should include text, graphs, and diagrams (using the ""daigr.am"" plugin, if possible).
- The report should begin with a succinct executive summary that includes: the total hours currently spent on HR, the overall potential for productivity improvement with AI, a graph showing productivity potential by HR Function, and the top 3 HR Activities with the greatest productivity potential.
- The report should be structured as follows: 1. Analysis of the current situation for each HR Function and Activity; 2. AI potential for each HR Function and Activity; 3. Recommendations for the top 3 priorities; 4. Specific actions to be taken.",,,,,,,,,,,,,,,,,,
K6UNFaARRDOCZttp0ulKZQ,my6VdsqMSt2govE7qBhx0w,RH,Omp5ecCORbaLRzsokeLBNQ,Stratégie RH,z3D-lR-XSGSGQbyD2rZP5g,OKRs et KPIs,OKRS ET KPIS,Dresser une liste des OKR et des KPI suggérés en fonction des objectifs stratégiques et de la structure organisationnelle de l'entreprise.,2,"0,4",CRÉER,Company's strategic goals,Current performance metrics,Industry benchmarks,Organizational structure,Company's strategic goals | Current performance metrics | Industry benchmarks | Organizational structure | ,,,RH,,,Compensation & benefits (C&B), | ,"3693,4","812,04","3693,4","3693,4",Stratégie RH,3000,Structure organisationnelle,"812,04","812,04",Stratégie RH,600,Structure organisationnelle,,"""OKRs et KPIs"" in function ""Stratégie RH""","Role: You are a data analyst specializing in Human Resources (HR) processes.

Context: You have this .csv file  that contains data on various HR Functions and their corresponding HR Activities. This file provides insights into the time allocation for each HR Function and Activity, and potential productivity gains through the use of Artificial Intelligence (AI).

Task: Your job is to analyze this .csv file and prepare a report. The report should offer recommendations on which HR Functions and Activities should be prioritized for AI transformation.

Report Specifications:
- The report should be concise, not exceeding 600 words.
- It should include text, graphs, and diagrams (using the ""daigr.am"" plugin, if possible).
- The report should begin with a succinct executive summary that includes: the total hours currently spent on HR, the overall potential for productivity improvement with AI, a graph showing productivity potential by HR Function, and the top 3 HR Activities with the greatest productivity potential.
- The report should be structured as follows: 1. Analysis of the current situation for each HR Function and Activity; 2. AI potential for each HR Function and Activity; 3. Recommendations for the top 3 priorities; 4. Specific actions to be taken.",,,,,,,,,,,,,,,,,,
4WEtTBc-R8aULkBh9tsuFw,my6VdsqMSt2govE7qBhx0w,RH,Omp5ecCORbaLRzsokeLBNQ,Stratégie RH,m76PUz.lRg6kLPb4m65RGQ,Feuille de route et plan de mise en œuvre,FEUILLE DE ROUTE ET PLAN DE MISE EN ŒUVRE,Rechercher des plans de mise en œuvre de la stratégie RH réussis dans des entreprises similaires.,1,"0,2",CHERCHER,Long-term company strategy,Current HR capabilities,Resource allocation,Timeline objectives,Long-term company strategy | Current HR capabilities | Resource allocation | Timeline objectives | Stakeholder expectations,,,RH,,,Compensation & benefits (C&B), | ,"3693,4","812,04","3693,4","3693,4",Stratégie RH,3000,Structure organisationnelle,"812,04","812,04",Stratégie RH,600,Structure organisationnelle,,"""Feuille de route et plan de mise en œuvre"" in function ""Stratégie RH""","Role: You are a data analyst specializing in Human Resources (HR) processes.

Context: You have this .csv file  that contains data on various HR Functions and their corresponding HR Activities. This file provides insights into the time allocation for each HR Function and Activity, and potential productivity gains through the use of Artificial Intelligence (AI).

Task: Your job is to analyze this .csv file and prepare a report. The report should offer recommendations on which HR Functions and Activities should be prioritized for AI transformation.

Report Specifications:
- The report should be concise, not exceeding 600 words.
- It should include text, graphs, and diagrams (using the ""daigr.am"" plugin, if possible).
- The report should begin with a succinct executive summary that includes: the total hours currently spent on HR, the overall potential for productivity improvement with AI, a graph showing productivity potential by HR Function, and the top 3 HR Activities with the greatest productivity potential.
- The report should be structured as follows: 1. Analysis of the current situation for each HR Function and Activity; 2. AI potential for each HR Function and Activity; 3. Recommendations for the top 3 priorities; 4. Specific actions to be taken.",,,,Stakeholder expectations,,,,,,,,,,,,,,
efyA8xPQSjeWRpEtn8V9AA,my6VdsqMSt2govE7qBhx0w,RH,Omp5ecCORbaLRzsokeLBNQ,Stratégie RH,m76PUz.lRg6kLPb4m65RGQ,Feuille de route et plan de mise en œuvre,FEUILLE DE ROUTE ET PLAN DE MISE EN ŒUVRE,Créer une feuille de route structurée et un plan de mise en œuvre conforme à la stratégie à long terme de l'entreprise et aux attentes des parties prenantes.,3,"0,6",CRÉER,Long-term company strategy,Current HR capabilities,Resource allocation,Timeline objectives,Long-term company strategy | Current HR capabilities | Resource allocation | Timeline objectives | Stakeholder expectations,,,RH,,,Compensation & benefits (C&B), | ,"3693,4","812,04","3693,4","3693,4",Stratégie RH,3000,Structure organisationnelle,"812,04","812,04",Stratégie RH,600,Structure organisationnelle,,"""Feuille de route et plan de mise en œuvre"" in function ""Stratégie RH""","Role: You are a data analyst specializing in Human Resources (HR) processes.

Context: You have this .csv file  that contains data on various HR Functions and their corresponding HR Activities. This file provides insights into the time allocation for each HR Function and Activity, and potential productivity gains through the use of Artificial Intelligence (AI).

Task: Your job is to analyze this .csv file and prepare a report. The report should offer recommendations on which HR Functions and Activities should be prioritized for AI transformation.

Report Specifications:
- The report should be concise, not exceeding 600 words.
- It should include text, graphs, and diagrams (using the ""daigr.am"" plugin, if possible).
- The report should begin with a succinct executive summary that includes: the total hours currently spent on HR, the overall potential for productivity improvement with AI, a graph showing productivity potential by HR Function, and the top 3 HR Activities with the greatest productivity potential.
- The report should be structured as follows: 1. Analysis of the current situation for each HR Function and Activity; 2. AI potential for each HR Function and Activity; 3. Recommendations for the top 3 priorities; 4. Specific actions to be taken.",,,,Stakeholder expectations,,,,,,,,,,,,,,
A.PCilS-RH2Z.S6XFC70kw,my6VdsqMSt2govE7qBhx0w,RH,Omp5ecCORbaLRzsokeLBNQ,Stratégie RH,K6UNFaARRDOCZttp0ulKZQ,Planification des effectifs : Analyse des lacunes en matière de compétences,PLANIFICATION DES EFFECTIFS : ANALYSE DES LACUNES EN MATIÈRE DE COMPÉTENCES,Analyser les données relatives aux compétences de la main-d'œuvre en fonction des besoins futurs de l'entreprise.,1,"0,2",ANALYSER,Current workforce skillset,Future business requirements,Training and development resources,Industry trends,Current workforce skillset | Future business requirements | Training and development resources | Industry trends | ,,,RH,,,Compensation & benefits (C&B),20 % | 48 h/yr,"3693,4","812,04","3693,4","3693,4",Stratégie RH,3000,Structure organisationnelle,"812,04","812,04",Stratégie RH,600,Structure organisationnelle,,"""Planification des effectifs : Analyse des lacunes en matière de compétences"" in function ""Stratégie RH""","Role: You are a data analyst specializing in Human Resources (HR) processes.

Context: You have this .csv file  that contains data on various HR Functions and their corresponding HR Activities. This file provides insights into the time allocation for each HR Function and Activity, and potential productivity gains through the use of Artificial Intelligence (AI).

Task: Your job is to analyze this .csv file and prepare a report. The report should offer recommendations on which HR Functions and Activities should be prioritized for AI transformation.

Report Specifications:
- The report should be concise, not exceeding 600 words.
- It should include text, graphs, and diagrams (using the ""daigr.am"" plugin, if possible).
- The report should begin with a succinct executive summary that includes: the total hours currently spent on HR, the overall potential for productivity improvement with AI, a graph showing productivity potential by HR Function, and the top 3 HR Activities with the greatest productivity potential.
- The report should be structured as follows: 1. Analysis of the current situation for each HR Function and Activity; 2. AI potential for each HR Function and Activity; 3. Recommendations for the top 3 priorities; 4. Specific actions to be taken.",,,,,60,180,60,240,48,20,1,,,,,,,
yZsYfx2GRcK4DEfpob14-Q,my6VdsqMSt2govE7qBhx0w,RH,Omp5ecCORbaLRzsokeLBNQ,Stratégie RH,K6UNFaARRDOCZttp0ulKZQ,Planification des effectifs : Analyse des lacunes en matière de compétences,PLANIFICATION DES EFFECTIFS : ANALYSE DES LACUNES EN MATIÈRE DE COMPÉTENCES,"Produire un rapport sur l'analyse des lacunes en matière de compétences, en y intégrant les tendances du secteur.",2,"0,4",ANALYSER,Current workforce skillset,Future business requirements,Training and development resources,Industry trends,Current workforce skillset | Future business requirements | Training and development resources | Industry trends | ,,,RH,,,Compensation & benefits (C&B),40 % | 24 h/yr,"3693,4","812,04","3693,4","3693,4",Stratégie RH,3000,Structure organisationnelle,"812,04","812,04",Stratégie RH,600,Structure organisationnelle,"You are an expert in the HR Function ""C&B"".

Instruction: for the Activity ""Surveys and benchmarking on salaries"", provide a macro methodology including steps, tools, and metrics.

Format of your answer: answer directly without introductory considerations.","""Planification des effectifs : Analyse des lacunes en matière de compétences"" in function ""Stratégie RH""","Role: You are a data analyst specializing in Human Resources (HR) processes.

Context: You have this .csv file  that contains data on various HR Functions and their corresponding HR Activities. This file provides insights into the time allocation for each HR Function and Activity, and potential productivity gains through the use of Artificial Intelligence (AI).

Task: Your job is to analyze this .csv file and prepare a report. The report should offer recommendations on which HR Functions and Activities should be prioritized for AI transformation.

Report Specifications:
- The report should be concise, not exceeding 600 words.
- It should include text, graphs, and diagrams (using the ""daigr.am"" plugin, if possible).
- The report should begin with a succinct executive summary that includes: the total hours currently spent on HR, the overall potential for productivity improvement with AI, a graph showing productivity potential by HR Function, and the top 3 HR Activities with the greatest productivity potential.
- The report should be structured as follows: 1. Analysis of the current situation for each HR Function and Activity; 2. AI potential for each HR Function and Activity; 3. Recommendations for the top 3 priorities; 4. Specific actions to be taken.",,,,,,180,12,60,24,40,,120,,,,,,
Gsp55ce7QZiutvcwd8CyDw,my6VdsqMSt2govE7qBhx0w,RH,Omp5ecCORbaLRzsokeLBNQ,Stratégie RH,4WEtTBc-R8aULkBh9tsuFw,Planification des effectifs : Plan de recrutement annuel,PLANIFICATION DES EFFECTIFS : PLAN DE RECRUTEMENT ANNUEL,"Élaborer un plan de recrutement basé sur les résultats de l'analyse des lacunes en matière de compétences, les projections de croissance de l'entreprise et les canaux de recrutement.",1,"0,2",CRÉER,Skills gap analysis results,Business growth projections,Hiring budget,Recruitment channels,Skills gap analysis results | Business growth projections | Hiring budget | Recruitment channels | Timeline objectives,,,RH,,,Compensation & benefits (C&B), | ,"3693,4","812,04","3693,4","3693,4",Stratégie RH,3000,Structure organisationnelle,"812,04","812,04",Stratégie RH,600,Structure organisationnelle,,"""Planification des effectifs : Plan de recrutement annuel"" in function ""Stratégie RH""","Role: You are a data analyst specializing in Human Resources (HR) processes.

Context: You have this .csv file  that contains data on various HR Functions and their corresponding HR Activities. This file provides insights into the time allocation for each HR Function and Activity, and potential productivity gains through the use of Artificial Intelligence (AI).

Task: Your job is to analyze this .csv file and prepare a report. The report should offer recommendations on which HR Functions and Activities should be prioritized for AI transformation.

Report Specifications:
- The report should be concise, not exceeding 600 words.
- It should include text, graphs, and diagrams (using the ""daigr.am"" plugin, if possible).
- The report should begin with a succinct executive summary that includes: the total hours currently spent on HR, the overall potential for productivity improvement with AI, a graph showing productivity potential by HR Function, and the top 3 HR Activities with the greatest productivity potential.
- The report should be structured as follows: 1. Analysis of the current situation for each HR Function and Activity; 2. AI potential for each HR Function and Activity; 3. Recommendations for the top 3 priorities; 4. Specific actions to be taken.",,,,Timeline objectives,,,,,,,,,,,,,,
lAbobIVAS2iEqcrf0AcH-A,my6VdsqMSt2govE7qBhx0w,RH,Omp5ecCORbaLRzsokeLBNQ,Stratégie RH,efyA8xPQSjeWRpEtn8V9AA,Gestion des talents : Proposition de valeur pour l'employé,GESTION DES TALENTS : PROPOSITION DE VALEUR POUR L'EMPLOYÉ,Trouver des exemples de propositions de valeur pour les employés qui ont été couronnées de succès dans des secteurs similaires.,3,"0,6",CHERCHER,Company culture and values,Employee feedback and surveys,Competitive market analysis,Organizational goals,Company culture and values | Employee feedback and surveys | Competitive market analysis | Organizational goals | ,,,RH,,,Compensation & benefits (C&B),60 % | 42 h/yr,"3693,4","812,04","3693,4","3693,4",Stratégie RH,3000,Structure organisationnelle,"812,04","812,04",Stratégie RH,600,Structure organisationnelle,"Your role: in the HR function, you are an expert in ""C&B"" and in particular in the activity ""Update of pay structures"".

Instruction: for this activity, provide a macro methodology including steps, tools, and metrics.

Format: 
- Provide very conrete recommendations. 
- Answer directly without introductory considerations.","""Gestion des talents : Proposition de valeur pour l'employé"" in function ""Stratégie RH""","Role: You are a data analyst specializing in Human Resources (HR) processes.

Context: You have this .csv file  that contains data on various HR Functions and their corresponding HR Activities. This file provides insights into the time allocation for each HR Function and Activity, and potential productivity gains through the use of Artificial Intelligence (AI).

Task: Your job is to analyze this .csv file and prepare a report. The report should offer recommendations on which HR Functions and Activities should be prioritized for AI transformation.

Report Specifications:
- The report should be concise, not exceeding 600 words.
- It should include text, graphs, and diagrams (using the ""daigr.am"" plugin, if possible).
- The report should begin with a succinct executive summary that includes: the total hours currently spent on HR, the overall potential for productivity improvement with AI, a graph showing productivity potential by HR Function, and the top 3 HR Activities with the greatest productivity potential.
- The report should be structured as follows: 1. Analysis of the current situation for each HR Function and Activity; 2. AI potential for each HR Function and Activity; 3. Recommendations for the top 3 priorities; 4. Specific actions to be taken.",,,,,150,20,12,70,42,60,,180,,,,,,
ircRQ9UoQEindp0QMp-JrA,my6VdsqMSt2govE7qBhx0w,RH,Omp5ecCORbaLRzsokeLBNQ,Stratégie RH,efyA8xPQSjeWRpEtn8V9AA,Gestion des talents : Proposition de valeur pour l'employé,GESTION DES TALENTS : PROPOSITION DE VALEUR POUR L'EMPLOYÉ,"Créer des idées de propositions de valeur uniques pour les employés, axées sur la culture, le développement et l'engagement.",1,"0,2",CRÉER,Company culture and values,Employee feedback and surveys,Competitive market analysis,Organizational goals,Company culture and values | Employee feedback and surveys | Competitive market analysis | Organizational goals | ,,,RH,,,Compensation & benefits (C&B), | ,"3693,4","812,04","3693,4","3693,4",Stratégie RH,3000,Structure organisationnelle,"812,04","812,04",Stratégie RH,600,Structure organisationnelle,,"""Gestion des talents : Proposition de valeur pour l'employé"" in function ""Stratégie RH""","Role: You are a data analyst specializing in Human Resources (HR) processes.

Context: You have this .csv file  that contains data on various HR Functions and their corresponding HR Activities. This file provides insights into the time allocation for each HR Function and Activity, and potential productivity gains through the use of Artificial Intelligence (AI).

Task: Your job is to analyze this .csv file and prepare a report. The report should offer recommendations on which HR Functions and Activities should be prioritized for AI transformation.

Report Specifications:
- The report should be concise, not exceeding 600 words.
- It should include text, graphs, and diagrams (using the ""daigr.am"" plugin, if possible).
- The report should begin with a succinct executive summary that includes: the total hours currently spent on HR, the overall potential for productivity improvement with AI, a graph showing productivity potential by HR Function, and the top 3 HR Activities with the greatest productivity potential.
- The report should be structured as follows: 1. Analysis of the current situation for each HR Function and Activity; 2. AI potential for each HR Function and Activity; 3. Recommendations for the top 3 priorities; 4. Specific actions to be taken.",,,,,,,,,,,,,"Best practice for the HR activity ""Strategy for recruitment"" is to develop a comprehensive recruitment plan that aligns with the organization's goals and objectives. This plan should include the following elements:

1. Define recruitment objectives: Clearly identify the positions that need to be filled, the skills and qualifications required, and the timeline for recruitment.

2. Targeted sourcing: Adopt a proactive approach to sourcing by identifying the most effective channels to attract top talent. Utilize a diverse range of strategies such as job postings, employee referrals, social media platforms, professional networks, and recruitment agencies.

3. Employer branding: Build and promote a positive employer brand to attract potential candidates. Highlight the organization's culture, values, benefits, career growth opportunities, and any unique selling points that differentiate it from competitors.

4. Job descriptions and specifications: Develop accurate and detailed job descriptions and specifications that clearly outline the responsibilities, requirements, and qualifications for the position. This ensures that candidates understand the expectations and helps in screening suitable applicants.

5. Screening and selection process: Create a structured and consistent process for screening applications to identify the most qualified candidates. This may include conducting initial phone screenings, skills assessments, interviews (behavioral, technical, or panel), reference checks, and background checks.

6. Candidate experience: Ensure a positive candidate experience throughout the entire recruitment process. Provide timely updates, clear communication, and personalized interactions. Candidates who have a positive experience are more likely to refer others or consider the organization for future opportunities even if they are not hired.

7. Diversity and inclusion: Incorporate diversity and inclusion principles in recruitment practices to attract and hire a diverse pool of candidates. This helps in enhancing organizational effectiveness and fostering innovation.

Example of content for this HR activity:

Recruitment Strategy for [Organization Name]

Objective: The objective of this recruitment strategy is to attract and hire highly skilled and qualified candidates who align with our organizational goals and values. This strategy aims to fill multiple positions within [specific departments/teams] over the next [timeframe].

Targeted sourcing: We will utilize a combination of job postings on reputable job boards, employee referrals, social media platforms such as LinkedIn and Twitter, professional networks, and collaboration with recruitment agencies specializing in our industry.

Employer branding: Our recruitment efforts will focus on highlighting our organization's commitment to employee development, work-life balance, inclusive culture, competitive compensation and benefits, and opportunities for career growth.

Job descriptions and specifications: Each position will have a well-defined job description that clearly outlines the responsibilities","Best practice for the HR activity ""Strategy for recruitment"" is to develop a comprehensive recruitment plan that aligns with the organization's goals and objectives. This plan should include the following elements:

1. Define recruitment objectives: Clearly identify the positions that need to be filled, the skills and qualifications required, and the timeline for recruitment.

2. Targeted sourcing: Adopt a proactive approach to sourcing by identifying the most effective channels to attract top talent. Utilize a diverse range of strategies such as job postings, employee referrals, social media platforms, professional networks, and recruitment agencies.

3. Employer branding: Build and promote a positive employer brand to attract potential candidates. Highlight the organization's culture, values, benefits, career growth opportunities, and any unique selling points that differentiate it from competitors.

4. Job descriptions and specifications: Develop accurate and detailed job descriptions and specifications that clearly outline the responsibilities, requirements, and qualifications for the position. This ensures that candidates understand the expectations and helps in screening suitable applicants.

5. Screening and selection process: Create a structured and consistent process for screening applications to identify the most qualified candidates. This may include conducting initial phone screenings, skills assessments, interviews (behavioral, technical, or panel), reference checks, and background checks.

6. Candidate experience: Ensure a positive candidate experience throughout the entire recruitment process. Provide timely updates, clear communication, and personalized interactions. Candidates who have a positive experience are more likely to refer others or consider the organization for future opportunities even if they are not hired.

7. Diversity and inclusion: Incorporate diversity and inclusion principles in recruitment practices to attract and hire a diverse pool of candidates. This helps in enhancing organizational effectiveness and fostering innovation.

Example of content for this HR activity:

Recruitment Strategy for [Organization Name]

Objective: The objective of this recruitment strategy is to attract and hire highly skilled and qualified candidates who align with our organizational goals and values. This strategy aims to fill multiple positions within [specific departments/teams] over the next [timeframe].

Targeted sourcing: We will utilize a combination of job postings on reputable job boards, employee referrals, social media platforms such as LinkedIn and Twitter, professional networks, and collaboration with recruitment agencies specializing in our industry.

Employer branding: Our recruitment efforts will focus on highlighting our organization's commitment to employee development, work-life balance, inclusive culture, competitive compensation and benefits, and opportunities for career growth.

Job descriptions and specifications: Each position will have a well-defined job description that clearly outlines the responsibilities",,,,
bbwBaUZ9RbaVLfkNnu5Tng,my6VdsqMSt2govE7qBhx0w,RH,Omp5ecCORbaLRzsokeLBNQ,Stratégie RH,A.PCilS-RH2Z.S6XFC70kw,Gestion des talents : culture,GESTION DES TALENTS : CULTURE,Formuler des suggestions pour développer les valeurs de l'entreprise et les mécanismes culturels en accord avec la mission de l'entreprise.,3,"0,6",CRÉER,Company mission and values,Employee feedback,Diversity and inclusion policies,Industry best practices,Company mission and values | Employee feedback | Diversity and inclusion policies | Industry best practices | ,,,RH,,,Compensation & benefits (C&B), | ,"3693,4","812,04","3693,4","3693,4",Stratégie RH,3000,Structure organisationnelle,"812,04","812,04",Stratégie RH,600,Structure organisationnelle,,"""Gestion des talents : culture"" in function ""Stratégie RH""","Role: You are a data analyst specializing in Human Resources (HR) processes.

Context: You have this .csv file  that contains data on various HR Functions and their corresponding HR Activities. This file provides insights into the time allocation for each HR Function and Activity, and potential productivity gains through the use of Artificial Intelligence (AI).

Task: Your job is to analyze this .csv file and prepare a report. The report should offer recommendations on which HR Functions and Activities should be prioritized for AI transformation.

Report Specifications:
- The report should be concise, not exceeding 600 words.
- It should include text, graphs, and diagrams (using the ""daigr.am"" plugin, if possible).
- The report should begin with a succinct executive summary that includes: the total hours currently spent on HR, the overall potential for productivity improvement with AI, a graph showing productivity potential by HR Function, and the top 3 HR Activities with the greatest productivity potential.
- The report should be structured as follows: 1. Analysis of the current situation for each HR Function and Activity; 2. AI potential for each HR Function and Activity; 3. Recommendations for the top 3 priorities; 4. Specific actions to be taken.",,,,,,,,,,,,,"Best practices for defining job descriptions include:

1. Start with a clear job title: The job title should accurately reflect the role and responsibilities of the position. It should be concise and easy to understand.

2. Summarize the purpose and objective: Provide a brief overview of the position, highlighting its key purpose and objectives. This helps candidates understand the overall aim of the role.

3. Outline key responsibilities: Clearly list the specific tasks, duties, and responsibilities that the employee will be expected to perform. Focus on the most critical and essential responsibilities to give candidates a clear understanding of what is expected from them.

4. Define qualifications and skills: Specify the required qualifications, skills, and experience necessary to perform the job successfully. This can include educational background, certifications, technical skills, and any specific industry experience required.

5. Include physical requirements: If the job involves physical activities or demands, such as heavy lifting or prolonged standing, mention these requirements in the job description to ensure candidates are aware of any physical limitations.

6. Indicate reporting relationships: Clearly define the reporting structure and relationships for the position. This should include the reporting manager, any direct reports, and collaboration with other departments or teams.

Example of job description content:

Job Title: Human Resources Coordinator

Summary:
The Human Resources Coordinator is responsible for assisting in various HR activities and ensuring compliance with company policies and procedures. This position supports HR initiatives, maintains accurate employee records, coordinates recruitment processes, and provides general HR administrative support.

Responsibilities:
- Administer HR programs, including employee onboarding, performance management, and employee relations.
- Maintain accurate HR documentation, including employee records, contracts, and forms.
- Coordinate the recruitment process, including job posting, candidate screening, and interview scheduling.
- Assist in conducting new employee orientations and handle general employee inquiries.
- Ensure compliance with employment laws and regulations, updating company policies and procedures as required.
- Support HR initiatives and projects, such as employee engagement surveys or training programs.
- Assist in preparing HR reports and metrics for management review.
- Collaborate with cross-functional teams and departments to provide effective HR support.

Qualifications:
- Bachelor's degree in Human Resources, Business Administration, or related field.
- 2-3 years of experience in HR coordination or similar roles.
- In-depth understanding of HR principles, policies, and procedures.
- Strong organizational skills with the ability to handle multiple tasks and prioritize effectively.
- Excellent communication and interpersonal skills.
- Proficient in MS Office Suite and","Best practices for defining job descriptions include:

1. Start with a clear job title: The job title should accurately reflect the role and responsibilities of the position. It should be concise and easy to understand.

2. Summarize the purpose and objective: Provide a brief overview of the position, highlighting its key purpose and objectives. This helps candidates understand the overall aim of the role.

3. Outline key responsibilities: Clearly list the specific tasks, duties, and responsibilities that the employee will be expected to perform. Focus on the most critical and essential responsibilities to give candidates a clear understanding of what is expected from them.

4. Define qualifications and skills: Specify the required qualifications, skills, and experience necessary to perform the job successfully. This can include educational background, certifications, technical skills, and any specific industry experience required.

5. Include physical requirements: If the job involves physical activities or demands, such as heavy lifting or prolonged standing, mention these requirements in the job description to ensure candidates are aware of any physical limitations.

6. Indicate reporting relationships: Clearly define the reporting structure and relationships for the position. This should include the reporting manager, any direct reports, and collaboration with other departments or teams.

Example of job description content:

Job Title: Human Resources Coordinator

Summary:
The Human Resources Coordinator is responsible for assisting in various HR activities and ensuring compliance with company policies and procedures. This position supports HR initiatives, maintains accurate employee records, coordinates recruitment processes, and provides general HR administrative support.

Responsibilities:
- Administer HR programs, including employee onboarding, performance management, and employee relations.
- Maintain accurate HR documentation, including employee records, contracts, and forms.
- Coordinate the recruitment process, including job posting, candidate screening, and interview scheduling.
- Assist in conducting new employee orientations and handle general employee inquiries.
- Ensure compliance with employment laws and regulations, updating company policies and procedures as required.
- Support HR initiatives and projects, such as employee engagement surveys or training programs.
- Assist in preparing HR reports and metrics for management review.
- Collaborate with cross-functional teams and departments to provide effective HR support.

Qualifications:
- Bachelor's degree in Human Resources, Business Administration, or related field.
- 2-3 years of experience in HR coordination or similar roles.
- In-depth understanding of HR principles, policies, and procedures.
- Strong organizational skills with the ability to handle multiple tasks and prioritize effectively.
- Excellent communication and interpersonal skills.
- Proficient in MS Office Suite and",,,,
y2Ud1OSRQ9WwkKXXyurGTQ,my6VdsqMSt2govE7qBhx0w,RH,Omp5ecCORbaLRzsokeLBNQ,Stratégie RH,yZsYfx2GRcK4DEfpob14-Q,Gestion des talents : développement,GESTION DES TALENTS : DÉVELOPPEMENT,"Créer un plan de développement comprenant des principes d'intégration, de gestion des performances, de parcours de carrière et de formation.",1,"0,2",CRÉER,Employee competency framework,Performance evaluation data,Training resources,Career progression pathways,Employee competency framework | Performance evaluation data | Training resources | Career progression pathways | ,,,RH,,,Compensation & benefits (C&B), | ,"3693,4","812,04","3693,4","3693,4",Stratégie RH,3000,Structure organisationnelle,"812,04","812,04",Stratégie RH,600,Structure organisationnelle,"Your role: in the HR function, you are an expert in ""Recruitment"" and in particular in the activity ""Sourcing of candidates"".

Instruction: for this activity, provide a macro methodology including steps, tools, and metrics.

Format: 
- Provide very conrete recommendations. 
- Answer directly without introductory considerations.","""Gestion des talents : développement"" in function ""Stratégie RH""","Role: You are a data analyst specializing in Human Resources (HR) processes.

Context: You have this .csv file  that contains data on various HR Functions and their corresponding HR Activities. This file provides insights into the time allocation for each HR Function and Activity, and potential productivity gains through the use of Artificial Intelligence (AI).

Task: Your job is to analyze this .csv file and prepare a report. The report should offer recommendations on which HR Functions and Activities should be prioritized for AI transformation.

Report Specifications:
- The report should be concise, not exceeding 600 words.
- It should include text, graphs, and diagrams (using the ""daigr.am"" plugin, if possible).
- The report should begin with a succinct executive summary that includes: the total hours currently spent on HR, the overall potential for productivity improvement with AI, a graph showing productivity potential by HR Function, and the top 3 HR Activities with the greatest productivity potential.
- The report should be structured as follows: 1. Analysis of the current situation for each HR Function and Activity; 2. AI potential for each HR Function and Activity; 3. Recommendations for the top 3 priorities; 4. Specific actions to be taken.",,,,,,,,,,,,,,,,,,
R7U8POCzTaOB.55dLKEuBw,my6VdsqMSt2govE7qBhx0w,RH,Omp5ecCORbaLRzsokeLBNQ,Stratégie RH,Gsp55ce7QZiutvcwd8CyDw,Gestion des talents : engagement,GESTION DES TALENTS : ENGAGEMENT,Générer des idées pour les mécanismes d'engagement des employés sur la base des connaissances de la culture de l'entreprise et des résultats de l'enquête sur l'engagement.,3,"0,6",CRÉER,Employee engagement survey results,Company culture insights,Communication channels,Recognition and reward mechanisms,Employee engagement survey results | Company culture insights | Communication channels | Recognition and reward mechanisms | ,,,RH,,,Compensation & benefits (C&B),60 % | 50 h/yr,"3693,4","812,04","3693,4","3693,4",Stratégie RH,3000,Structure organisationnelle,"812,04","812,04",Stratégie RH,600,Structure organisationnelle,"Your role: in the HR function, you are an expert in ""Recruitment"" and in particular in the activity ""Screening CVs and interview of candidates"".

Instruction: for this activity, provide a macro methodology including steps, tools, and metrics.

Format: 
- Provide very conrete recommendations. 
- Answer directly without introductory considerations.","""Gestion des talents : engagement"" in function ""Stratégie RH""","Role: You are a data analyst specializing in Human Resources (HR) processes.

Context: You have this .csv file  that contains data on various HR Functions and their corresponding HR Activities. This file provides insights into the time allocation for each HR Function and Activity, and potential productivity gains through the use of Artificial Intelligence (AI).

Task: Your job is to analyze this .csv file and prepare a report. The report should offer recommendations on which HR Functions and Activities should be prioritized for AI transformation.

Report Specifications:
- The report should be concise, not exceeding 600 words.
- It should include text, graphs, and diagrams (using the ""daigr.am"" plugin, if possible).
- The report should begin with a succinct executive summary that includes: the total hours currently spent on HR, the overall potential for productivity improvement with AI, a graph showing productivity potential by HR Function, and the top 3 HR Activities with the greatest productivity potential.
- The report should be structured as follows: 1. Analysis of the current situation for each HR Function and Activity; 2. AI potential for each HR Function and Activity; 3. Recommendations for the top 3 priorities; 4. Specific actions to be taken.",,,,,,45,100,"83,3333333333",50,60,1,5,"1. Step: Resume Screening
- Review the resumes received from applicants and filter them based on the qualifications and requirements specified in the job description.
- Evaluate each resume against predefined criteria such as education, work experience, skills, and any specific requirements for the role.
- Tools: Applicant tracking system (ATS) to help automate the initial screening process and filter resumes based on keywords or specific criteria.
- Metrics: Number of resumes received, number of resumes screened, and the percentage of applicants meeting minimum requirements.

2. Step: Phone Screening
- Conduct short phone interviews with selected candidates to further evaluate their qualifications, motivation, and suitability.
- Ask specific questions related to the job requirements to identify if candidates possess the necessary skills and experience.
- Tools: Phone or video conferencing software to conduct interviews remotely and easily document information.
- Metrics: Number of candidates selected for phone screening, number of candidates passing phone screening, and the average duration of phone interviews.

3. Step: In-person/Remote Interviews
- Arrange face-to-face or virtual interviews with candidates who successfully pass the phone screening.
- Conduct behavioral or competency-based interviews to assess candidates' abilities, cultural fit, and alignment with the organization's values.
- Use structured interview questions and evaluation rubrics to ensure consistency and fairness.
- Tools: Interview scheduling software, interview guides, and evaluation forms.
- Metrics: Number of candidates invited for interviews, number of candidates attending, and the time-to-fill for scheduling interviews.

4. Step: Assessments and Simulations (Optional)
- Administer relevant assessments or simulations to assess the technical or job-specific skills of the candidates.
- Utilize online tests, coding challenges, case studies, or role plays to evaluate practical abilities.
- Tools: Assessment platforms, simulation software, or external vendors for administering specialized assessments.
- Metrics: Number of candidates who undergo assessments, success rate on assessments, and overall performance scores.

5. Step: Reference and Background Checks
- Verify the provided references and conduct thorough background checks to validate the candidate's work history, education, and general reputation.
- Contact previous employers, educational institutions, and professional references to gather insights about the candidate's performance, conduct, and reliability.
- Tools: Reference check templates or software to streamline the process and maintain confidentiality of information.
- Metrics: Number of references checked, time taken for reference checks, and any red flags found during background screening.

6. Step: Decision Making
- Review all the gathered information, including resumes, interview","1. Step: Resume Screening
- Review the resumes received from applicants and filter them based on the qualifications and requirements specified in the job description.
- Evaluate each resume against predefined criteria such as education, work experience, skills, and any specific requirements for the role.
- Tools: Applicant tracking system (ATS) to help automate the initial screening process and filter resumes based on keywords or specific criteria.
- Metrics: Number of resumes received, number of resumes screened, and the percentage of applicants meeting minimum requirements.

2. Step: Phone Screening
- Conduct short phone interviews with selected candidates to further evaluate their qualifications, motivation, and suitability.
- Ask specific questions related to the job requirements to identify if candidates possess the necessary skills and experience.
- Tools: Phone or video conferencing software to conduct interviews remotely and easily document information.
- Metrics: Number of candidates selected for phone screening, number of candidates passing phone screening, and the average duration of phone interviews.

3. Step: In-person/Remote Interviews
- Arrange face-to-face or virtual interviews with candidates who successfully pass the phone screening.
- Conduct behavioral or competency-based interviews to assess candidates' abilities, cultural fit, and alignment with the organization's values.
- Use structured interview questions and evaluation rubrics to ensure consistency and fairness.
- Tools: Interview scheduling software, interview guides, and evaluation forms.
- Metrics: Number of candidates invited for interviews, number of candidates attending, and the time-to-fill for scheduling interviews.

4. Step: Assessments and Simulations (Optional)
- Administer relevant assessments or simulations to assess the technical or job-specific skills of the candidates.
- Utilize online tests, coding challenges, case studies, or role plays to evaluate practical abilities.
- Tools: Assessment platforms, simulation software, or external vendors for administering specialized assessments.
- Metrics: Number of candidates who undergo assessments, success rate on assessments, and overall performance scores.

5. Step: Reference and Background Checks
- Verify the provided references and conduct thorough background checks to validate the candidate's work history, education, and general reputation.
- Contact previous employers, educational institutions, and professional references to gather insights about the candidate's performance, conduct, and reliability.
- Tools: Reference check templates or software to streamline the process and maintain confidentiality of information.
- Metrics: Number of references checked, time taken for reference checks, and any red flags found during background screening.

6. Step: Decision Making
- Review all the gathered information, including resumes, interview",,,,
rrkzUg3sQni0lpZJBHVXOw,my6VdsqMSt2govE7qBhx0w,RH,Omp5ecCORbaLRzsokeLBNQ,Stratégie RH,lAbobIVAS2iEqcrf0AcH-A,Structure organisationnelle,STRUCTURE ORGANISATIONNELLE,Analyser la structure organisationnelle actuelle et proposer une matrice RACI.,2,"0,4",ANALYSER,Current org chart,RACI matrix,Business objectives,Departmental functions,Current org chart | RACI matrix | Business objectives | Departmental functions | ,,,RH,,,Compensation & benefits (C&B), | ,"3693,4","812,04","3693,4","3693,4",Stratégie RH,3000,Structure organisationnelle,"812,04","812,04",Stratégie RH,600,Structure organisationnelle,,"""Structure organisationnelle"" in function ""Stratégie RH""","Role: You are a data analyst specializing in Human Resources (HR) processes.

Context: You have this .csv file  that contains data on various HR Functions and their corresponding HR Activities. This file provides insights into the time allocation for each HR Function and Activity, and potential productivity gains through the use of Artificial Intelligence (AI).

Task: Your job is to analyze this .csv file and prepare a report. The report should offer recommendations on which HR Functions and Activities should be prioritized for AI transformation.

Report Specifications:
- The report should be concise, not exceeding 600 words.
- It should include text, graphs, and diagrams (using the ""daigr.am"" plugin, if possible).
- The report should begin with a succinct executive summary that includes: the total hours currently spent on HR, the overall potential for productivity improvement with AI, a graph showing productivity potential by HR Function, and the top 3 HR Activities with the greatest productivity potential.
- The report should be structured as follows: 1. Analysis of the current situation for each HR Function and Activity; 2. AI potential for each HR Function and Activity; 3. Recommendations for the top 3 priorities; 4. Specific actions to be taken.",,,,,,,,,,,,,,,,,,
BQODtctxSoaoheF4aARRwQ,my6VdsqMSt2govE7qBhx0w,RH,Omp5ecCORbaLRzsokeLBNQ,Stratégie RH,lAbobIVAS2iEqcrf0AcH-A,Structure organisationnelle,STRUCTURE ORGANISATIONNELLE,Créer un organigramme et une matrice RACI correspondante sur la base des objectifs de l'entreprise.,1,"0,2",CRÉER,Current org chart,RACI matrix,Business objectives,Departmental functions,Current org chart | RACI matrix | Business objectives | Departmental functions | ,,,RH,,,Compensation & benefits (C&B),20 % | 600 h/yr,"3693,4","812,04","3693,4","3693,4",Stratégie RH,3000,Structure organisationnelle,"812,04","812,04",Stratégie RH,600,Structure organisationnelle,"Your role: in the HR function, you are an expert in ""Payroll"" and in particular in the activity ""Management of payroll"".

Instruction: for this activity, provide a macro methodology including steps, tools, and metrics.

Format: 
- Provide very conrete recommendations. 
- Answer directly without introductory considerations.","""Structure organisationnelle"" in function ""Stratégie RH""","Role: You are a data analyst specializing in Human Resources (HR) processes.

Context: You have this .csv file  that contains data on various HR Functions and their corresponding HR Activities. This file provides insights into the time allocation for each HR Function and Activity, and potential productivity gains through the use of Artificial Intelligence (AI).

Task: Your job is to analyze this .csv file and prepare a report. The report should offer recommendations on which HR Functions and Activities should be prioritized for AI transformation.

Report Specifications:
- The report should be concise, not exceeding 600 words.
- It should include text, graphs, and diagrams (using the ""daigr.am"" plugin, if possible).
- The report should begin with a succinct executive summary that includes: the total hours currently spent on HR, the overall potential for productivity improvement with AI, a graph showing productivity potential by HR Function, and the top 3 HR Activities with the greatest productivity potential.
- The report should be structured as follows: 1. Analysis of the current situation for each HR Function and Activity; 2. AI potential for each HR Function and Activity; 3. Recommendations for the top 3 priorities; 4. Specific actions to be taken.",,,,,,5,12000,3000,600,20,2,10,,,0,Structure organisationnelle,Structure organisationnelle,
37ea904oT.aWJSjG0KztYA,my6VdsqMSt2govE7qBhx0w,RH,Omp5ecCORbaLRzsokeLBNQ,Stratégie RH,ircRQ9UoQEindp0QMp-JrA,Conformité des politiques,CONFORMITÉ DES POLITIQUES,Élaborer des lignes directrices pour l'audit des politiques de ressources humaines afin de garantir la conformité légale et réglementaire.,1,"0,2",CRÉER,Current HR policies,Legal and regulatory requirements,Audit reports,Employee feedback,Current HR policies | Legal and regulatory requirements | Audit reports | Employee feedback | ,,,RH,,,Compensation & benefits (C&B),20 % | 36 h/yr,"3693,4","812,04","3693,4","3693,4",Stratégie RH,3000,Structure organisationnelle,"812,04","812,04",Stratégie RH,600,Structure organisationnelle,"You are an expert in the HR Function ""Payroll"".

Instruction: for the HR Activity ""Compliance with employees tax and laws"", provide a macro methodology including steps, tools, and metrics.

Format of your answer: answer directly without introductory considerations.","""Conformité des politiques"" in function ""Stratégie RH""","Role: You are a data analyst specializing in Human Resources (HR) processes.

Context: You have this .csv file  that contains data on various HR Functions and their corresponding HR Activities. This file provides insights into the time allocation for each HR Function and Activity, and potential productivity gains through the use of Artificial Intelligence (AI).

Task: Your job is to analyze this .csv file and prepare a report. The report should offer recommendations on which HR Functions and Activities should be prioritized for AI transformation.

Report Specifications:
- The report should be concise, not exceeding 600 words.
- It should include text, graphs, and diagrams (using the ""daigr.am"" plugin, if possible).
- The report should begin with a succinct executive summary that includes: the total hours currently spent on HR, the overall potential for productivity improvement with AI, a graph showing productivity potential by HR Function, and the top 3 HR Activities with the greatest productivity potential.
- The report should be structured as follows: 1. Analysis of the current situation for each HR Function and Activity; 2. AI potential for each HR Function and Activity; 3. Recommendations for the top 3 priorities; 4. Specific actions to be taken.",,,,,120,60,60,180,36,20,,,"Methodology:

1. Step: Understand employees tax and laws:
   - Review relevant federal, state, and local tax laws, regulations, and requirements.
   - Familiarize yourself with tax obligations related to employee salaries, wages, bonuses, benefits, and statutory deductions.
   - Stay updated with any changes in tax legislation and employment laws that may impact payroll compliance.

2. Step: Establish payroll policies and procedures:
   - Develop comprehensive payroll policies to ensure compliance with employees tax and laws.
   - Document clear procedures for employee onboarding, salary structure, deductions, benefits, and taxation.
   - Include guidelines for handling tax withholdings, social security contributions, and other statutory deductions.

3. Step: Implement a robust payroll system:
   - Evaluate and select a reliable payroll software or system capable of handling complex tax calculations.
   - Ensure the system follows regulatory guidelines and can generate accurate payroll reports for tax purposes.
   - Integrate the software with other HR systems to streamline data flow and reduce manual errors.

4. Step: Gather employee information accurately:
   - Implement a standardized process to collect and verify employees' personal and tax-related information.
   - Maintain up-to-date records of employees' social security numbers, W-4 forms, eligibility for tax exemptions, and other required data.
   - Regularly audit employee information to identify and rectify any discrepancies or outdated details.

5. Step: Calculate and withhold taxes:
   - Use the payroll system to calculate accurate tax withholdings based on the employees' income, tax brackets, and applicable deductions.
   - Deduct federal, state, and local taxes, as well as other employment taxes such as social security and Medicare contributions.
   - Ensure compliance with tax filing deadlines and submit required reports to relevant tax authorities.

6. Step: Monitor payroll compliance:
   - Conduct regular internal audits to verify compliance with employees tax and laws.
   - Review payroll reports, tax filings, and supporting documents to detect any discrepancies or potential compliance issues.
   - Address any non-compliance promptly and implement corrective actions to prevent reoccurrence.

Tools:
- Payroll software/system: Select a reputable payroll system that meets your organization's specific needs and offers tax compliance features.
- Employee Self-Service (ESS) portals: Provide a platform where employees can access and update their personal and tax-related information securely.
- Tax calculators: Utilize online tax calculators or software tools to ensure accurate tax calculations for various employee scenarios.

Metrics:
- Tax filing accuracy","Methodology:

1. Step: Understand employees tax and laws:
   - Review relevant federal, state, and local tax laws, regulations, and requirements.
   - Familiarize yourself with tax obligations related to employee salaries, wages, bonuses, benefits, and statutory deductions.
   - Stay updated with any changes in tax legislation and employment laws that may impact payroll compliance.

2. Step: Establish payroll policies and procedures:
   - Develop comprehensive payroll policies to ensure compliance with employees tax and laws.
   - Document clear procedures for employee onboarding, salary structure, deductions, benefits, and taxation.
   - Include guidelines for handling tax withholdings, social security contributions, and other statutory deductions.

3. Step: Implement a robust payroll system:
   - Evaluate and select a reliable payroll software or system capable of handling complex tax calculations.
   - Ensure the system follows regulatory guidelines and can generate accurate payroll reports for tax purposes.
   - Integrate the software with other HR systems to streamline data flow and reduce manual errors.

4. Step: Gather employee information accurately:
   - Implement a standardized process to collect and verify employees' personal and tax-related information.
   - Maintain up-to-date records of employees' social security numbers, W-4 forms, eligibility for tax exemptions, and other required data.
   - Regularly audit employee information to identify and rectify any discrepancies or outdated details.

5. Step: Calculate and withhold taxes:
   - Use the payroll system to calculate accurate tax withholdings based on the employees' income, tax brackets, and applicable deductions.
   - Deduct federal, state, and local taxes, as well as other employment taxes such as social security and Medicare contributions.
   - Ensure compliance with tax filing deadlines and submit required reports to relevant tax authorities.

6. Step: Monitor payroll compliance:
   - Conduct regular internal audits to verify compliance with employees tax and laws.
   - Review payroll reports, tax filings, and supporting documents to detect any discrepancies or potential compliance issues.
   - Address any non-compliance promptly and implement corrective actions to prevent reoccurrence.

Tools:
- Payroll software/system: Select a reputable payroll system that meets your organization's specific needs and offers tax compliance features.
- Employee Self-Service (ESS) portals: Provide a platform where employees can access and update their personal and tax-related information securely.
- Tax calculators: Utilize online tax calculators or software tools to ensure accurate tax calculations for various employee scenarios.

Metrics:
- Tax filing accuracy",,,,1
IvGhgLTZRfmG77RUeF7KAg,my6VdsqMSt2govE7qBhx0w,RH,Omp5ecCORbaLRzsokeLBNQ,Stratégie RH,bbwBaUZ9RbaVLfkNnu5Tng,Développement et gestion des politiques RH,DÉVELOPPEMENT ET GESTION DES POLITIQUES RH,Trouver les meilleures pratiques en matière d'élaboration et de gestion des politiques de ressources humaines.,3,"0,6",CHERCHER,Existing HR policies,Benchmarking data,Compliance requirements,Employee feedback,Existing HR policies | Benchmarking data | Compliance requirements | Employee feedback | Industry trends,,,RH,,,Compensation & benefits (C&B),60 % | 0 h/yr,"3693,4","812,04","3693,4","3693,4",Stratégie RH,3000,Structure organisationnelle,"812,04","812,04",Stratégie RH,600,Structure organisationnelle,"You are an expert in the HR Function ""Payroll"".

Instruction: for the HR Activity ""Audit of payroll data"", provide a macro methodology including steps, tools, and metrics.

Format of your answer: answer directly without introductory considerations.","""Développement et gestion des politiques RH"" in function ""Stratégie RH""","Role: You are a data analyst specializing in Human Resources (HR) processes.

Context: You have this .csv file  that contains data on various HR Functions and their corresponding HR Activities. This file provides insights into the time allocation for each HR Function and Activity, and potential productivity gains through the use of Artificial Intelligence (AI).

Task: Your job is to analyze this .csv file and prepare a report. The report should offer recommendations on which HR Functions and Activities should be prioritized for AI transformation.

Report Specifications:
- The report should be concise, not exceeding 600 words.
- It should include text, graphs, and diagrams (using the ""daigr.am"" plugin, if possible).
- The report should begin with a succinct executive summary that includes: the total hours currently spent on HR, the overall potential for productivity improvement with AI, a graph showing productivity potential by HR Function, and the top 3 HR Activities with the greatest productivity potential.
- The report should be structured as follows: 1. Analysis of the current situation for each HR Function and Activity; 2. AI potential for each HR Function and Activity; 3. Recommendations for the top 3 priorities; 4. Specific actions to be taken.",,,,Industry trends,,,2,"0,0666666667","0,04",60,,,,,2,,,
0oNbgUs6QaG7GiOzrrVY2g,my6VdsqMSt2govE7qBhx0w,RH,Omp5ecCORbaLRzsokeLBNQ,Stratégie RH,bbwBaUZ9RbaVLfkNnu5Tng,Développement et gestion des politiques RH,DÉVELOPPEMENT ET GESTION DES POLITIQUES RH,Élaborer des politiques de ressources humaines en veillant à leur conformité et en les comparant aux tendances du secteur.,1,"0,2",CRÉER,Existing HR policies,Benchmarking data,Compliance requirements,Employee feedback,Existing HR policies | Benchmarking data | Compliance requirements | Employee feedback | Industry trends,,,RH,,,Compensation & benefits (C&B),20 % | 12 h/yr,"3693,4","812,04","3693,4","3693,4",Stratégie RH,3000,Structure organisationnelle,"812,04","812,04",Stratégie RH,600,Structure organisationnelle,,"""Développement et gestion des politiques RH"" in function ""Stratégie RH""","Role: You are a data analyst specializing in Human Resources (HR) processes.

Context: You have this .csv file  that contains data on various HR Functions and their corresponding HR Activities. This file provides insights into the time allocation for each HR Function and Activity, and potential productivity gains through the use of Artificial Intelligence (AI).

Task: Your job is to analyze this .csv file and prepare a report. The report should offer recommendations on which HR Functions and Activities should be prioritized for AI transformation.

Report Specifications:
- The report should be concise, not exceeding 600 words.
- It should include text, graphs, and diagrams (using the ""daigr.am"" plugin, if possible).
- The report should begin with a succinct executive summary that includes: the total hours currently spent on HR, the overall potential for productivity improvement with AI, a graph showing productivity potential by HR Function, and the top 3 HR Activities with the greatest productivity potential.
- The report should be structured as follows: 1. Analysis of the current situation for each HR Function and Activity; 2. AI potential for each HR Function and Activity; 3. Recommendations for the top 3 priorities; 4. Specific actions to be taken.",,,,Industry trends,,60,20,60,12,20,,120,,,0,,,
DZqYeuOBRtKpCWqvwhxbdw,my6VdsqMSt2govE7qBhx0w,RH,Omp5ecCORbaLRzsokeLBNQ,Stratégie RH,y2Ud1OSRQ9WwkKXXyurGTQ,Gestion et rapports,GESTION ET RAPPORTS,Créer des modèles et des lignes directrices pour le suivi et le reporting des indicateurs de la fonction RH.,1,"0,2",CRÉER,Strategic HR objectives,Performance data,Reporting tools,Stakeholder requirements,Strategic HR objectives | Performance data | Reporting tools | Stakeholder requirements | ,,,RH,,,Compensation & benefits (C&B), | ,"3693,4","812,04","3693,4","3693,4",Stratégie RH,3000,Structure organisationnelle,"812,04","812,04",Stratégie RH,600,Structure organisationnelle,,"""Gestion et rapports"" in function ""Stratégie RH""","Role: You are a data analyst specializing in Human Resources (HR) processes.

Context: You have this .csv file  that contains data on various HR Functions and their corresponding HR Activities. This file provides insights into the time allocation for each HR Function and Activity, and potential productivity gains through the use of Artificial Intelligence (AI).

Task: Your job is to analyze this .csv file and prepare a report. The report should offer recommendations on which HR Functions and Activities should be prioritized for AI transformation.

Report Specifications:
- The report should be concise, not exceeding 600 words.
- It should include text, graphs, and diagrams (using the ""daigr.am"" plugin, if possible).
- The report should begin with a succinct executive summary that includes: the total hours currently spent on HR, the overall potential for productivity improvement with AI, a graph showing productivity potential by HR Function, and the top 3 HR Activities with the greatest productivity potential.
- The report should be structured as follows: 1. Analysis of the current situation for each HR Function and Activity; 2. AI potential for each HR Function and Activity; 3. Recommendations for the top 3 priorities; 4. Specific actions to be taken.",,,,,,,,,,,,,,,,,,
YyVC1pW7QmKJ9SGtl.UPqg,my6VdsqMSt2govE7qBhx0w,RH,Rd.A9azLRSWDnKyDKrl9tA,Recrutement,R7U8POCzTaOB.55dLKEuBw,"OKRs, KPIs et reporting","OKRS, KPIS ET REPORTING","Générer des OKR, des KPI et des rapports de suivi spécifiques au recrutement sur la base de références sectorielles.",2,"0,4",CRÉER,Recruitment targets,Current performance metrics,Reporting tools,Industry benchmarks,Recruitment targets | Current performance metrics | Reporting tools | Industry benchmarks | ,,,RH,,,Compensation & benefits (C&B), | ,0,0,"3693,4","3693,4",Stratégie RH,3000,Structure organisationnelle,"812,04","812,04",Stratégie RH,600,Structure organisationnelle,,"""OKRs, KPIs et reporting"" in function ""Recrutement""","Role: You are a data analyst specializing in Human Resources (HR) processes.

Context: You have this .csv file  that contains data on various HR Functions and their corresponding HR Activities. This file provides insights into the time allocation for each HR Function and Activity, and potential productivity gains through the use of Artificial Intelligence (AI).

Task: Your job is to analyze this .csv file and prepare a report. The report should offer recommendations on which HR Functions and Activities should be prioritized for AI transformation.

Report Specifications:
- The report should be concise, not exceeding 600 words.
- It should include text, graphs, and diagrams (using the ""daigr.am"" plugin, if possible).
- The report should begin with a succinct executive summary that includes: the total hours currently spent on HR, the overall potential for productivity improvement with AI, a graph showing productivity potential by HR Function, and the top 3 HR Activities with the greatest productivity potential.
- The report should be structured as follows: 1. Analysis of the current situation for each HR Function and Activity; 2. AI potential for each HR Function and Activity; 3. Recommendations for the top 3 priorities; 4. Specific actions to be taken.",,,,,,,,,,,,,,,,,,
a-QtbCQjmR7iAH5rJjpDqoA,my6VdsqMSt2govE7qBhx0w,RH,Rd.A9azLRSWDnKyDKrl9tA,Recrutement,rrkzUg3sQni0lpZJBHVXOw,Image de marque de l'employeur,IMAGE DE MARQUE DE L'EMPLOYEUR,Étudier les stratégies de marque employeur qui ont fait leurs preuves.,1,"0,2",CHERCHER,Company culture and values,Target candidate profiles,Marketing materials,Competitor analysis,Company culture and values | Target candidate profiles | Marketing materials | Competitor analysis | ,,,RH,,,Compensation & benefits (C&B), | ,0,0,"3693,4","3693,4",Stratégie RH,3000,Structure organisationnelle,"812,04","812,04",Stratégie RH,600,Structure organisationnelle,,"""Image de marque de l'employeur"" in function ""Recrutement""","Role: You are a data analyst specializing in Human Resources (HR) processes.

Context: You have this .csv file  that contains data on various HR Functions and their corresponding HR Activities. This file provides insights into the time allocation for each HR Function and Activity, and potential productivity gains through the use of Artificial Intelligence (AI).

Task: Your job is to analyze this .csv file and prepare a report. The report should offer recommendations on which HR Functions and Activities should be prioritized for AI transformation.

Report Specifications:
- The report should be concise, not exceeding 600 words.
- It should include text, graphs, and diagrams (using the ""daigr.am"" plugin, if possible).
- The report should begin with a succinct executive summary that includes: the total hours currently spent on HR, the overall potential for productivity improvement with AI, a graph showing productivity potential by HR Function, and the top 3 HR Activities with the greatest productivity potential.
- The report should be structured as follows: 1. Analysis of the current situation for each HR Function and Activity; 2. AI potential for each HR Function and Activity; 3. Recommendations for the top 3 priorities; 4. Specific actions to be taken.",,,,,,,,,,,,,,,,,,
MLMMMfsNTZe-7gTRzZZDAQ,my6VdsqMSt2govE7qBhx0w,RH,Rd.A9azLRSWDnKyDKrl9tA,Recrutement,rrkzUg3sQni0lpZJBHVXOw,Image de marque de l'employeur,IMAGE DE MARQUE DE L'EMPLOYEUR,Créer des documents sur la marque de l'employeur en fonction de la culture de l'entreprise et des profils des candidats cibles.,1,"0,2",CRÉER,Company culture and values,Target candidate profiles,Marketing materials,Competitor analysis,Company culture and values | Target candidate profiles | Marketing materials | Competitor analysis | ,,,RH,,,Compensation & benefits (C&B), | ,0,0,"3693,4","3693,4",Stratégie RH,3000,Structure organisationnelle,"812,04","812,04",Stratégie RH,600,Structure organisationnelle,,"""Image de marque de l'employeur"" in function ""Recrutement""","Role: You are a data analyst specializing in Human Resources (HR) processes.

Context: You have this .csv file  that contains data on various HR Functions and their corresponding HR Activities. This file provides insights into the time allocation for each HR Function and Activity, and potential productivity gains through the use of Artificial Intelligence (AI).

Task: Your job is to analyze this .csv file and prepare a report. The report should offer recommendations on which HR Functions and Activities should be prioritized for AI transformation.

Report Specifications:
- The report should be concise, not exceeding 600 words.
- It should include text, graphs, and diagrams (using the ""daigr.am"" plugin, if possible).
- The report should begin with a succinct executive summary that includes: the total hours currently spent on HR, the overall potential for productivity improvement with AI, a graph showing productivity potential by HR Function, and the top 3 HR Activities with the greatest productivity potential.
- The report should be structured as follows: 1. Analysis of the current situation for each HR Function and Activity; 2. AI potential for each HR Function and Activity; 3. Recommendations for the top 3 priorities; 4. Specific actions to be taken.",,,,,,,,,,,,,,,,,,
mb996JW6TCmbSc1gGOmRAQ,my6VdsqMSt2govE7qBhx0w,RH,Rd.A9azLRSWDnKyDKrl9tA,Recrutement,BQODtctxSoaoheF4aARRwQ,Besoins et description des postes,BESOINS ET DESCRIPTION DES POSTES,"Rédiger des descriptions de poste basées sur les exigences du rôle, les références salariales et les besoins du département.",2,"0,4",CRÉER,Role requirements,Salary benchmarks,Competency framework,Departmental needs,Role requirements | Salary benchmarks | Competency framework | Departmental needs | ,,,RH,,,Compensation & benefits (C&B), | ,0,0,"3693,4","3693,4",Stratégie RH,3000,Structure organisationnelle,"812,04","812,04",Stratégie RH,600,Structure organisationnelle,,"""Besoins et description des postes"" in function ""Recrutement""","Role: You are a data analyst specializing in Human Resources (HR) processes.

Context: You have this .csv file  that contains data on various HR Functions and their corresponding HR Activities. This file provides insights into the time allocation for each HR Function and Activity, and potential productivity gains through the use of Artificial Intelligence (AI).

Task: Your job is to analyze this .csv file and prepare a report. The report should offer recommendations on which HR Functions and Activities should be prioritized for AI transformation.

Report Specifications:
- The report should be concise, not exceeding 600 words.
- It should include text, graphs, and diagrams (using the ""daigr.am"" plugin, if possible).
- The report should begin with a succinct executive summary that includes: the total hours currently spent on HR, the overall potential for productivity improvement with AI, a graph showing productivity potential by HR Function, and the top 3 HR Activities with the greatest productivity potential.
- The report should be structured as follows: 1. Analysis of the current situation for each HR Function and Activity; 2. AI potential for each HR Function and Activity; 3. Recommendations for the top 3 priorities; 4. Specific actions to be taken.",,,,,,,,,,,,,,,,,,
WMTYOdtkSAaMW5Lnus3ZMg,my6VdsqMSt2govE7qBhx0w,RH,Rd.A9azLRSWDnKyDKrl9tA,Recrutement,37ea904oT.aWJSjG0KztYA,Canaux de recherche de candidats,CANAUX DE RECHERCHE DE CANDIDATS,Identifier les canaux de recrutement efficaces pour des fonctions similaires.,1,"0,2",CHERCHER,Job description,Candidate profile,Recruitment budget,Channel performance data,Job description | Candidate profile | Recruitment budget | Channel performance data | ,,,RH,,,Compensation & benefits (C&B), | ,0,0,"3693,4","3693,4",Stratégie RH,3000,Structure organisationnelle,"812,04","812,04",Stratégie RH,600,Structure organisationnelle,,"""Canaux de recherche de candidats"" in function ""Recrutement""","Role: You are a data analyst specializing in Human Resources (HR) processes.

Context: You have this .csv file  that contains data on various HR Functions and their corresponding HR Activities. This file provides insights into the time allocation for each HR Function and Activity, and potential productivity gains through the use of Artificial Intelligence (AI).

Task: Your job is to analyze this .csv file and prepare a report. The report should offer recommendations on which HR Functions and Activities should be prioritized for AI transformation.

Report Specifications:
- The report should be concise, not exceeding 600 words.
- It should include text, graphs, and diagrams (using the ""daigr.am"" plugin, if possible).
- The report should begin with a succinct executive summary that includes: the total hours currently spent on HR, the overall potential for productivity improvement with AI, a graph showing productivity potential by HR Function, and the top 3 HR Activities with the greatest productivity potential.
- The report should be structured as follows: 1. Analysis of the current situation for each HR Function and Activity; 2. AI potential for each HR Function and Activity; 3. Recommendations for the top 3 priorities; 4. Specific actions to be taken.",,,,,,,,,,,,,,,,,,
znxt-ZZ.RfCVzghJVNu6AA,my6VdsqMSt2govE7qBhx0w,RH,Rd.A9azLRSWDnKyDKrl9tA,Recrutement,37ea904oT.aWJSjG0KztYA,Canaux de recherche de candidats,CANAUX DE RECHERCHE DE CANDIDATS,Suggérer des canaux d'approvisionnement potentiels en fonction de la description du poste et du profil du candidat.,2,"0,4",CRÉER,Job description,Candidate profile,Recruitment budget,Channel performance data,Job description | Candidate profile | Recruitment budget | Channel performance data | ,,,RH,,,Compensation & benefits (C&B), | ,0,0,"3693,4","3693,4",Stratégie RH,3000,Structure organisationnelle,"812,04","812,04",Stratégie RH,600,Structure organisationnelle,,"""Canaux de recherche de candidats"" in function ""Recrutement""","Role: You are a data analyst specializing in Human Resources (HR) processes.

Context: You have this .csv file  that contains data on various HR Functions and their corresponding HR Activities. This file provides insights into the time allocation for each HR Function and Activity, and potential productivity gains through the use of Artificial Intelligence (AI).

Task: Your job is to analyze this .csv file and prepare a report. The report should offer recommendations on which HR Functions and Activities should be prioritized for AI transformation.

Report Specifications:
- The report should be concise, not exceeding 600 words.
- It should include text, graphs, and diagrams (using the ""daigr.am"" plugin, if possible).
- The report should begin with a succinct executive summary that includes: the total hours currently spent on HR, the overall potential for productivity improvement with AI, a graph showing productivity potential by HR Function, and the top 3 HR Activities with the greatest productivity potential.
- The report should be structured as follows: 1. Analysis of the current situation for each HR Function and Activity; 2. AI potential for each HR Function and Activity; 3. Recommendations for the top 3 priorities; 4. Specific actions to be taken.",,,,,,,,,,,,,,,,,,
O78OJmunScKr-vimb85yZA,my6VdsqMSt2govE7qBhx0w,RH,Rd.A9azLRSWDnKyDKrl9tA,Recrutement,IvGhgLTZRfmG77RUeF7KAg,Sélection et pré-évaluation des CV,SÉLECTION ET PRÉ-ÉVALUATION DES CV,Analyser les CV reçus par rapport à la description du poste.,1,"0,2",ANALYSER,Job description,CVs received,Candidate evaluation criteria,ATS system capabilities,Job description | CVs received | Candidate evaluation criteria | ATS system capabilities | ,,,RH,,,Compensation & benefits (C&B), | ,0,0,"3693,4","3693,4",Stratégie RH,3000,Structure organisationnelle,"812,04","812,04",Stratégie RH,600,Structure organisationnelle,,"""Sélection et pré-évaluation des CV"" in function ""Recrutement""","Role: You are a data analyst specializing in Human Resources (HR) processes.

Context: You have this .csv file  that contains data on various HR Functions and their corresponding HR Activities. This file provides insights into the time allocation for each HR Function and Activity, and potential productivity gains through the use of Artificial Intelligence (AI).

Task: Your job is to analyze this .csv file and prepare a report. The report should offer recommendations on which HR Functions and Activities should be prioritized for AI transformation.

Report Specifications:
- The report should be concise, not exceeding 600 words.
- It should include text, graphs, and diagrams (using the ""daigr.am"" plugin, if possible).
- The report should begin with a succinct executive summary that includes: the total hours currently spent on HR, the overall potential for productivity improvement with AI, a graph showing productivity potential by HR Function, and the top 3 HR Activities with the greatest productivity potential.
- The report should be structured as follows: 1. Analysis of the current situation for each HR Function and Activity; 2. AI potential for each HR Function and Activity; 3. Recommendations for the top 3 priorities; 4. Specific actions to be taken.",,,,,,,,,,,,,,,,,,
kcj4fZhQR0yvuBpb2e46VA,my6VdsqMSt2govE7qBhx0w,RH,Rd.A9azLRSWDnKyDKrl9tA,Recrutement,IvGhgLTZRfmG77RUeF7KAg,Sélection et pré-évaluation des CV,SÉLECTION ET PRÉ-ÉVALUATION DES CV,Fournir des lignes directrices pour la sélection des CV et la réalisation d'évaluations préalables.,1,"0,2",CRÉER,Job description,CVs received,Candidate evaluation criteria,ATS system capabilities,Job description | CVs received | Candidate evaluation criteria | ATS system capabilities | ,,,RH,,,Compensation & benefits (C&B), | ,0,0,"3693,4","3693,4",Stratégie RH,3000,Structure organisationnelle,"812,04","812,04",Stratégie RH,600,Structure organisationnelle,,"""Sélection et pré-évaluation des CV"" in function ""Recrutement""","Role: You are a data analyst specializing in Human Resources (HR) processes.

Context: You have this .csv file  that contains data on various HR Functions and their corresponding HR Activities. This file provides insights into the time allocation for each HR Function and Activity, and potential productivity gains through the use of Artificial Intelligence (AI).

Task: Your job is to analyze this .csv file and prepare a report. The report should offer recommendations on which HR Functions and Activities should be prioritized for AI transformation.

Report Specifications:
- The report should be concise, not exceeding 600 words.
- It should include text, graphs, and diagrams (using the ""daigr.am"" plugin, if possible).
- The report should begin with a succinct executive summary that includes: the total hours currently spent on HR, the overall potential for productivity improvement with AI, a graph showing productivity potential by HR Function, and the top 3 HR Activities with the greatest productivity potential.
- The report should be structured as follows: 1. Analysis of the current situation for each HR Function and Activity; 2. AI potential for each HR Function and Activity; 3. Recommendations for the top 3 priorities; 4. Specific actions to be taken.",,,,,,,,,,,,,"Best Practices for Facilitation of Team Building Activities:

1. Define the objectives: Clearly outline the purpose and desired outcomes of your team building activity. Whether it's improving communication, enhancing problem-solving skills, fostering trust, or promoting collaboration, having clear objectives will help you choose the right activities and guide the discussions.

2. Choose appropriate activities: To facilitate team building effectively, select activities that align with the objectives and meet the needs of your team. For example, if you want to improve communication, opt for activities like ""Two Truths and a Lie"" or ""Marshmallow Challenge"" which encourage participants to share information and ideas.

3. Communicate expectations: Before starting any team building activity, explain the purpose, rules, and expected behavior to the participants. This ensures everyone understands what is expected from them and sets the tone for a successful experience.

4. Create a safe and inclusive environment: Foster an inclusive environment where everyone feels comfortable participating. Encourage open communication, active listening, and respect for different perspectives. Ensure that all team members have equal opportunities to contribute and that no one feels left out or excluded.

5. Facilitate discussion and reflection: After each activity, allow time for the team to reflect on their experiences. Ask open-ended questions and encourage everyone to share their thoughts and feelings. Facilitate discussions that highlight the lessons learned, areas for improvement, and opportunities for applying the new skills or knowledge in their day-to-day work.

6. Provide constructive feedback: As a facilitator, give constructive feedback to individuals and the team as a whole. Acknowledge successes, provide specific suggestions for improvement, and encourage continuous growth. Feedback should be delivered in a supportive and encouraging manner, promoting a positive learning environment.

7. Follow-up and reinforcement: Team building activities shouldn't be one-off events. Follow-up after the activity to see if the desired outcomes are being achieved and if additional support is required. Find ways to reinforce the lessons learned and skills gained through ongoing team development initiatives or future activities.

Examples of Team Building Activities:

1. ""The Human Knot"": In this activity, participants stand in a circle, reach across and hold hands with two different people. Without letting go, they must work together to untangle themselves into a circle. This activity promotes communication, problem-solving, and collaboration.

2. ""Escape Room Challenge"": Divide the team into smaller groups and give them a series of puzzles or challenges they need to solve in order to ""escape"" from the room. This","Best Practices for Facilitation of Team Building Activities:

1. Define the objectives: Clearly outline the purpose and desired outcomes of your team building activity. Whether it's improving communication, enhancing problem-solving skills, fostering trust, or promoting collaboration, having clear objectives will help you choose the right activities and guide the discussions.

2. Choose appropriate activities: To facilitate team building effectively, select activities that align with the objectives and meet the needs of your team. For example, if you want to improve communication, opt for activities like ""Two Truths and a Lie"" or ""Marshmallow Challenge"" which encourage participants to share information and ideas.

3. Communicate expectations: Before starting any team building activity, explain the purpose, rules, and expected behavior to the participants. This ensures everyone understands what is expected from them and sets the tone for a successful experience.

4. Create a safe and inclusive environment: Foster an inclusive environment where everyone feels comfortable participating. Encourage open communication, active listening, and respect for different perspectives. Ensure that all team members have equal opportunities to contribute and that no one feels left out or excluded.

5. Facilitate discussion and reflection: After each activity, allow time for the team to reflect on their experiences. Ask open-ended questions and encourage everyone to share their thoughts and feelings. Facilitate discussions that highlight the lessons learned, areas for improvement, and opportunities for applying the new skills or knowledge in their day-to-day work.

6. Provide constructive feedback: As a facilitator, give constructive feedback to individuals and the team as a whole. Acknowledge successes, provide specific suggestions for improvement, and encourage continuous growth. Feedback should be delivered in a supportive and encouraging manner, promoting a positive learning environment.

7. Follow-up and reinforcement: Team building activities shouldn't be one-off events. Follow-up after the activity to see if the desired outcomes are being achieved and if additional support is required. Find ways to reinforce the lessons learned and skills gained through ongoing team development initiatives or future activities.

Examples of Team Building Activities:

1. ""The Human Knot"": In this activity, participants stand in a circle, reach across and hold hands with two different people. Without letting go, they must work together to untangle themselves into a circle. This activity promotes communication, problem-solving, and collaboration.

2. ""Escape Room Challenge"": Divide the team into smaller groups and give them a series of puzzles or challenges they need to solve in order to ""escape"" from the room. This",,,,
zlT5Z5jaTHuVMB5KmlDvDg,my6VdsqMSt2govE7qBhx0w,RH,Rd.A9azLRSWDnKyDKrl9tA,Recrutement,IvGhgLTZRfmG77RUeF7KAg,Sélection et pré-évaluation des CV,SÉLECTION ET PRÉ-ÉVALUATION DES CV,Fournir des lignes directrices pour la sélection des CV et la réalisation d'évaluations préalables.,1,"0,2",CRÉER,Job description,CVs received,Candidate evaluation criteria,ATS system capabilities,Job description | CVs received | Candidate evaluation criteria | ATS system capabilities | ,,,RH,,,Compensation & benefits (C&B), | ,0,0,"3693,4","3693,4",Stratégie RH,3000,Structure organisationnelle,"812,04","812,04",Stratégie RH,600,Structure organisationnelle,,"""Sélection et pré-évaluation des CV"" in function ""Recrutement""","Role: You are a data analyst specializing in Human Resources (HR) processes.

Context: You have this .csv file  that contains data on various HR Functions and their corresponding HR Activities. This file provides insights into the time allocation for each HR Function and Activity, and potential productivity gains through the use of Artificial Intelligence (AI).

Task: Your job is to analyze this .csv file and prepare a report. The report should offer recommendations on which HR Functions and Activities should be prioritized for AI transformation.

Report Specifications:
- The report should be concise, not exceeding 600 words.
- It should include text, graphs, and diagrams (using the ""daigr.am"" plugin, if possible).
- The report should begin with a succinct executive summary that includes: the total hours currently spent on HR, the overall potential for productivity improvement with AI, a graph showing productivity potential by HR Function, and the top 3 HR Activities with the greatest productivity potential.
- The report should be structured as follows: 1. Analysis of the current situation for each HR Function and Activity; 2. AI potential for each HR Function and Activity; 3. Recommendations for the top 3 priorities; 4. Specific actions to be taken.",,,,,,,,,,,,,,,,,,
p2IUg1OKR1uAykDd2NgP0A,my6VdsqMSt2govE7qBhx0w,RH,Rd.A9azLRSWDnKyDKrl9tA,Recrutement,0oNbgUs6QaG7GiOzrrVY2g,Préparation et synthèse des entretiens,PRÉPARATION ET SYNTHÈSE DES ENTRETIENS,Créer des questions d'entretien et un modèle de synthèse sur la base de la description du poste et du profil des candidats.,1,"0,2",CRÉER,Job description,Candidate profiles,Interview questions,Evaluation criteria,Job description | Candidate profiles | Interview questions | Evaluation criteria | ,,,RH,,,Compensation & benefits (C&B), | ,0,0,"3693,4","3693,4",Stratégie RH,3000,Structure organisationnelle,"812,04","812,04",Stratégie RH,600,Structure organisationnelle,,"""Préparation et synthèse des entretiens"" in function ""Recrutement""","Role: You are a data analyst specializing in Human Resources (HR) processes.

Context: You have this .csv file  that contains data on various HR Functions and their corresponding HR Activities. This file provides insights into the time allocation for each HR Function and Activity, and potential productivity gains through the use of Artificial Intelligence (AI).

Task: Your job is to analyze this .csv file and prepare a report. The report should offer recommendations on which HR Functions and Activities should be prioritized for AI transformation.

Report Specifications:
- The report should be concise, not exceeding 600 words.
- It should include text, graphs, and diagrams (using the ""daigr.am"" plugin, if possible).
- The report should begin with a succinct executive summary that includes: the total hours currently spent on HR, the overall potential for productivity improvement with AI, a graph showing productivity potential by HR Function, and the top 3 HR Activities with the greatest productivity potential.
- The report should be structured as follows: 1. Analysis of the current situation for each HR Function and Activity; 2. AI potential for each HR Function and Activity; 3. Recommendations for the top 3 priorities; 4. Specific actions to be taken.",,,,,,,,,,,,,,,,,,
7Xy1r--NSmq74BKsT2Og2Q,my6VdsqMSt2govE7qBhx0w,RH,Rd.A9azLRSWDnKyDKrl9tA,Recrutement,DZqYeuOBRtKpCWqvwhxbdw,Contrat de travail,CONTRAT DE TRAVAIL,Générer des modèles de contrats de travail sur la base des exigences du droit du travail et des politiques de l'entreprise.,1,"0,2",CRÉER,Employment law requirements,Company policies,Job description,Compensation details,Employment law requirements | Company policies | Job description | Compensation details | ,,,RH,,,Compensation & benefits (C&B), | ,0,0,"3693,4","3693,4",Stratégie RH,3000,Structure organisationnelle,"812,04","812,04",Stratégie RH,600,Structure organisationnelle,,"""Contrat de travail"" in function ""Recrutement""","Role: You are a data analyst specializing in Human Resources (HR) processes.

Context: You have this .csv file  that contains data on various HR Functions and their corresponding HR Activities. This file provides insights into the time allocation for each HR Function and Activity, and potential productivity gains through the use of Artificial Intelligence (AI).

Task: Your job is to analyze this .csv file and prepare a report. The report should offer recommendations on which HR Functions and Activities should be prioritized for AI transformation.

Report Specifications:
- The report should be concise, not exceeding 600 words.
- It should include text, graphs, and diagrams (using the ""daigr.am"" plugin, if possible).
- The report should begin with a succinct executive summary that includes: the total hours currently spent on HR, the overall potential for productivity improvement with AI, a graph showing productivity potential by HR Function, and the top 3 HR Activities with the greatest productivity potential.
- The report should be structured as follows: 1. Analysis of the current situation for each HR Function and Activity; 2. AI potential for each HR Function and Activity; 3. Recommendations for the top 3 priorities; 4. Specific actions to be taken.",,,,,,,,,,,,,,,,,,
6xfHdtx9SnyTNwxTMpCXfQ,my6VdsqMSt2govE7qBhx0w,RH,Rd.A9azLRSWDnKyDKrl9tA,Recrutement,YyVC1pW7QmKJ9SGtl.UPqg,Logiciels et outils,LOGICIELS ET OUTILS,Comparer les logiciels et les outils de recrutement sur la base des spécifications techniques.,1,"0,2",CHERCHER,Current HRIS capabilities,User requirements,Budget,Technical specifications,Current HRIS capabilities | User requirements | Budget | Technical specifications | ,,,RH,,,Compensation & benefits (C&B), | ,0,0,"3693,4","3693,4",Stratégie RH,3000,Structure organisationnelle,"812,04","812,04",Stratégie RH,600,Structure organisationnelle,,"""Logiciels et outils"" in function ""Recrutement""","Role: You are a data analyst specializing in Human Resources (HR) processes.

Context: You have this .csv file  that contains data on various HR Functions and their corresponding HR Activities. This file provides insights into the time allocation for each HR Function and Activity, and potential productivity gains through the use of Artificial Intelligence (AI).

Task: Your job is to analyze this .csv file and prepare a report. The report should offer recommendations on which HR Functions and Activities should be prioritized for AI transformation.

Report Specifications:
- The report should be concise, not exceeding 600 words.
- It should include text, graphs, and diagrams (using the ""daigr.am"" plugin, if possible).
- The report should begin with a succinct executive summary that includes: the total hours currently spent on HR, the overall potential for productivity improvement with AI, a graph showing productivity potential by HR Function, and the top 3 HR Activities with the greatest productivity potential.
- The report should be structured as follows: 1. Analysis of the current situation for each HR Function and Activity; 2. AI potential for each HR Function and Activity; 3. Recommendations for the top 3 priorities; 4. Specific actions to be taken.",,,,,,,,,,,,,,,,,,
LohKaFplRo215lZQQEaOXw,my6VdsqMSt2govE7qBhx0w,RH,Rd.A9azLRSWDnKyDKrl9tA,Recrutement,YyVC1pW7QmKJ9SGtl.UPqg,Logiciels et outils,LOGICIELS ET OUTILS,Recommander des logiciels et des outils de recrutement en fonction des capacités du SIRH et du budget.,3,"0,6",CRÉER,Current HRIS capabilities,User requirements,Budget,Technical specifications,Current HRIS capabilities | User requirements | Budget | Technical specifications | ,,,RH,,,Compensation & benefits (C&B), | ,0,0,"3693,4","3693,4",Stratégie RH,3000,Structure organisationnelle,"812,04","812,04",Stratégie RH,600,Structure organisationnelle,,"""Logiciels et outils"" in function ""Recrutement""","Role: You are a data analyst specializing in Human Resources (HR) processes.

Context: You have this .csv file  that contains data on various HR Functions and their corresponding HR Activities. This file provides insights into the time allocation for each HR Function and Activity, and potential productivity gains through the use of Artificial Intelligence (AI).

Task: Your job is to analyze this .csv file and prepare a report. The report should offer recommendations on which HR Functions and Activities should be prioritized for AI transformation.

Report Specifications:
- The report should be concise, not exceeding 600 words.
- It should include text, graphs, and diagrams (using the ""daigr.am"" plugin, if possible).
- The report should begin with a succinct executive summary that includes: the total hours currently spent on HR, the overall potential for productivity improvement with AI, a graph showing productivity potential by HR Function, and the top 3 HR Activities with the greatest productivity potential.
- The report should be structured as follows: 1. Analysis of the current situation for each HR Function and Activity; 2. AI potential for each HR Function and Activity; 3. Recommendations for the top 3 priorities; 4. Specific actions to be taken.",,,,,,,,,,,,,,,,,,
GVY0H2gpSiGjuHodDbVdPw,my6VdsqMSt2govE7qBhx0w,RH,357YnctJT9KtOrXrWg7e9g,Compensation & benefits (C&B),a-QtbCQjmR7iAH5rJjpDqoA,"OKRs, KPIs et reporting","OKRS, KPIS ET REPORTING","Générer des OKR, KPI et cadres de reporting spécifiques à C&B en se basant sur les références de l'industrie.",3,"0,6",CRÉER,C&B objectives,Current performance metrics,Reporting tools,Industry benchmarks,C&B objectives | Current performance metrics | Reporting tools | Industry benchmarks | ,,,RH,,,Compensation & benefits (C&B), | ,0,0,"3693,4","3693,4",Stratégie RH,3000,Structure organisationnelle,"812,04","812,04",Stratégie RH,600,Structure organisationnelle,,"""OKRs, KPIs et reporting"" in function ""Compensation & benefits (C&B)""","Role: You are a data analyst specializing in Human Resources (HR) processes.

Context: You have this .csv file  that contains data on various HR Functions and their corresponding HR Activities. This file provides insights into the time allocation for each HR Function and Activity, and potential productivity gains through the use of Artificial Intelligence (AI).

Task: Your job is to analyze this .csv file and prepare a report. The report should offer recommendations on which HR Functions and Activities should be prioritized for AI transformation.

Report Specifications:
- The report should be concise, not exceeding 600 words.
- It should include text, graphs, and diagrams (using the ""daigr.am"" plugin, if possible).
- The report should begin with a succinct executive summary that includes: the total hours currently spent on HR, the overall potential for productivity improvement with AI, a graph showing productivity potential by HR Function, and the top 3 HR Activities with the greatest productivity potential.
- The report should be structured as follows: 1. Analysis of the current situation for each HR Function and Activity; 2. AI potential for each HR Function and Activity; 3. Recommendations for the top 3 priorities; 4. Specific actions to be taken.",,,,,,,,,,,,,,,,,,
uW9LG65NQ-6eURqtp1pF9w,my6VdsqMSt2govE7qBhx0w,RH,357YnctJT9KtOrXrWg7e9g,Compensation & benefits (C&B),MLMMMfsNTZe-7gTRzZZDAQ,Benchmarking du marché C&B,BENCHMARKING DU MARCHÉ C&B,Réaliser des études de marché sur les offres C&B dans le secteur.,,,CHERCHER,Current C&B packages,Industry salary data,Role requirements,Geographic location,Current C&B packages | Industry salary data | Role requirements | Geographic location | ,,,RH,,,Compensation & benefits (C&B), | ,0,0,"3693,4","3693,4",Stratégie RH,3000,Structure organisationnelle,"812,04","812,04",Stratégie RH,600,Structure organisationnelle,,"""Benchmarking du marché C&B"" in function ""Compensation & benefits (C&B)""","Role: You are a data analyst specializing in Human Resources (HR) processes.

Context: You have this .csv file  that contains data on various HR Functions and their corresponding HR Activities. This file provides insights into the time allocation for each HR Function and Activity, and potential productivity gains through the use of Artificial Intelligence (AI).

Task: Your job is to analyze this .csv file and prepare a report. The report should offer recommendations on which HR Functions and Activities should be prioritized for AI transformation.

Report Specifications:
- The report should be concise, not exceeding 600 words.
- It should include text, graphs, and diagrams (using the ""daigr.am"" plugin, if possible).
- The report should begin with a succinct executive summary that includes: the total hours currently spent on HR, the overall potential for productivity improvement with AI, a graph showing productivity potential by HR Function, and the top 3 HR Activities with the greatest productivity potential.
- The report should be structured as follows: 1. Analysis of the current situation for each HR Function and Activity; 2. AI potential for each HR Function and Activity; 3. Recommendations for the top 3 priorities; 4. Specific actions to be taken.",,,,,,,,,,,,,,,,,,
qMqpy0cNSomrKVJBAfAKqg,my6VdsqMSt2govE7qBhx0w,RH,357YnctJT9KtOrXrWg7e9g,Compensation & benefits (C&B),MLMMMfsNTZe-7gTRzZZDAQ,Benchmarking du marché C&B,BENCHMARKING DU MARCHÉ C&B,Fournir des conseils sur l'étalonnage des packages C&B par rapport aux normes du secteur.,,,CRÉER,Current C&B packages,Industry salary data,Role requirements,Geographic location,Current C&B packages | Industry salary data | Role requirements | Geographic location | ,,,RH,,,Compensation & benefits (C&B), | ,0,0,"3693,4","3693,4",Stratégie RH,3000,Structure organisationnelle,"812,04","812,04",Stratégie RH,600,Structure organisationnelle,,"""Benchmarking du marché C&B"" in function ""Compensation & benefits (C&B)""","Role: You are a data analyst specializing in Human Resources (HR) processes.

Context: You have this .csv file  that contains data on various HR Functions and their corresponding HR Activities. This file provides insights into the time allocation for each HR Function and Activity, and potential productivity gains through the use of Artificial Intelligence (AI).

Task: Your job is to analyze this .csv file and prepare a report. The report should offer recommendations on which HR Functions and Activities should be prioritized for AI transformation.

Report Specifications:
- The report should be concise, not exceeding 600 words.
- It should include text, graphs, and diagrams (using the ""daigr.am"" plugin, if possible).
- The report should begin with a succinct executive summary that includes: the total hours currently spent on HR, the overall potential for productivity improvement with AI, a graph showing productivity potential by HR Function, and the top 3 HR Activities with the greatest productivity potential.
- The report should be structured as follows: 1. Analysis of the current situation for each HR Function and Activity; 2. AI potential for each HR Function and Activity; 3. Recommendations for the top 3 priorities; 4. Specific actions to be taken.",,,,,,,,,,,,,,,,,,
wxVM4FzmT3GEJ-B9BE.K8w,my6VdsqMSt2govE7qBhx0w,RH,357YnctJT9KtOrXrWg7e9g,Compensation & benefits (C&B),mb996JW6TCmbSc1gGOmRAQ,Paquet C&B,PAQUET C&B,"Concevoir des programmes de rémunération en tenant compte des données de référence, des exigences légales et du budget de l'entreprise.",,,CRÉER,Employee roles and levels,Market benchmark data,Legal requirements,Company budget,Employee roles and levels | Market benchmark data | Legal requirements | Company budget | ,,,RH,,,Compensation & benefits (C&B), | ,0,0,"3693,4","3693,4",Stratégie RH,3000,Structure organisationnelle,"812,04","812,04",Stratégie RH,600,Structure organisationnelle,,"""Paquet C&B"" in function ""Compensation & benefits (C&B)""","Role: You are a data analyst specializing in Human Resources (HR) processes.

Context: You have this .csv file  that contains data on various HR Functions and their corresponding HR Activities. This file provides insights into the time allocation for each HR Function and Activity, and potential productivity gains through the use of Artificial Intelligence (AI).

Task: Your job is to analyze this .csv file and prepare a report. The report should offer recommendations on which HR Functions and Activities should be prioritized for AI transformation.

Report Specifications:
- The report should be concise, not exceeding 600 words.
- It should include text, graphs, and diagrams (using the ""daigr.am"" plugin, if possible).
- The report should begin with a succinct executive summary that includes: the total hours currently spent on HR, the overall potential for productivity improvement with AI, a graph showing productivity potential by HR Function, and the top 3 HR Activities with the greatest productivity potential.
- The report should be structured as follows: 1. Analysis of the current situation for each HR Function and Activity; 2. AI potential for each HR Function and Activity; 3. Recommendations for the top 3 priorities; 4. Specific actions to be taken.",,,,,,,,,,,,,,,,,,
PH3hUjgmT-SVdn1ZbQ9b4w,my6VdsqMSt2govE7qBhx0w,RH,357YnctJT9KtOrXrWg7e9g,Compensation & benefits (C&B),WMTYOdtkSAaMW5Lnus3ZMg,Conformité juridique,CONFORMITÉ JURIDIQUE,Trouver des mises à jour sur les exigences légales en matière de rémunération et d'avantages sociaux.,,,CHERCHER,C&B legal requirements,Current C&B packages,Audit reports,Regulatory updates,C&B legal requirements | Current C&B packages | Audit reports | Regulatory updates | ,,,RH,,,Compensation & benefits (C&B), | ,0,0,"3693,4","3693,4",Stratégie RH,3000,Structure organisationnelle,"812,04","812,04",Stratégie RH,600,Structure organisationnelle,,"""Conformité juridique"" in function ""Compensation & benefits (C&B)""","Role: You are a data analyst specializing in Human Resources (HR) processes.

Context: You have this .csv file  that contains data on various HR Functions and their corresponding HR Activities. This file provides insights into the time allocation for each HR Function and Activity, and potential productivity gains through the use of Artificial Intelligence (AI).

Task: Your job is to analyze this .csv file and prepare a report. The report should offer recommendations on which HR Functions and Activities should be prioritized for AI transformation.

Report Specifications:
- The report should be concise, not exceeding 600 words.
- It should include text, graphs, and diagrams (using the ""daigr.am"" plugin, if possible).
- The report should begin with a succinct executive summary that includes: the total hours currently spent on HR, the overall potential for productivity improvement with AI, a graph showing productivity potential by HR Function, and the top 3 HR Activities with the greatest productivity potential.
- The report should be structured as follows: 1. Analysis of the current situation for each HR Function and Activity; 2. AI potential for each HR Function and Activity; 3. Recommendations for the top 3 priorities; 4. Specific actions to be taken.",,,,,,,,,,,,,,,,,,
dVj9j5uOR1e6ApJdn9Y3aQ,my6VdsqMSt2govE7qBhx0w,RH,357YnctJT9KtOrXrWg7e9g,Compensation & benefits (C&B),WMTYOdtkSAaMW5Lnus3ZMg,Conformité juridique,CONFORMITÉ JURIDIQUE,Offrir des conseils sur la conformité juridique des programmes de rémunération et d'avantages sociaux.,,,CRÉER,C&B legal requirements,Current C&B packages,Audit reports,Regulatory updates,C&B legal requirements | Current C&B packages | Audit reports | Regulatory updates | ,,,RH,,,Compensation & benefits (C&B), | ,0,0,"3693,4","3693,4",Stratégie RH,3000,Structure organisationnelle,"812,04","812,04",Stratégie RH,600,Structure organisationnelle,,"""Conformité juridique"" in function ""Compensation & benefits (C&B)""","Role: You are a data analyst specializing in Human Resources (HR) processes.

Context: You have this .csv file  that contains data on various HR Functions and their corresponding HR Activities. This file provides insights into the time allocation for each HR Function and Activity, and potential productivity gains through the use of Artificial Intelligence (AI).

Task: Your job is to analyze this .csv file and prepare a report. The report should offer recommendations on which HR Functions and Activities should be prioritized for AI transformation.

Report Specifications:
- The report should be concise, not exceeding 600 words.
- It should include text, graphs, and diagrams (using the ""daigr.am"" plugin, if possible).
- The report should begin with a succinct executive summary that includes: the total hours currently spent on HR, the overall potential for productivity improvement with AI, a graph showing productivity potential by HR Function, and the top 3 HR Activities with the greatest productivity potential.
- The report should be structured as follows: 1. Analysis of the current situation for each HR Function and Activity; 2. AI potential for each HR Function and Activity; 3. Recommendations for the top 3 priorities; 4. Specific actions to be taken.",,,,,,,,,,,,,,,,,,
7Rz-38BYQAKVpholNlLDbA,my6VdsqMSt2govE7qBhx0w,RH,357YnctJT9KtOrXrWg7e9g,Compensation & benefits (C&B),YyVC1pW7QmKJ9SGtl.UPqg,Logiciels et outils,LOGICIELS ET OUTILS,Trouver des logiciels adaptés à la gestion des fonctions C&B.,,,CHERCHER,Current C&B management tools,User requirements,Budget,Technical specifications,Current C&B management tools | User requirements | Budget | Technical specifications | ,,,RH,,,Compensation & benefits (C&B), | ,0,0,"3693,4","3693,4",Stratégie RH,3000,Structure organisationnelle,"812,04","812,04",Stratégie RH,600,Structure organisationnelle,,"""Logiciels et outils"" in function ""Compensation & benefits (C&B)""","Role: You are a data analyst specializing in Human Resources (HR) processes.

Context: You have this .csv file  that contains data on various HR Functions and their corresponding HR Activities. This file provides insights into the time allocation for each HR Function and Activity, and potential productivity gains through the use of Artificial Intelligence (AI).

Task: Your job is to analyze this .csv file and prepare a report. The report should offer recommendations on which HR Functions and Activities should be prioritized for AI transformation.

Report Specifications:
- The report should be concise, not exceeding 600 words.
- It should include text, graphs, and diagrams (using the ""daigr.am"" plugin, if possible).
- The report should begin with a succinct executive summary that includes: the total hours currently spent on HR, the overall potential for productivity improvement with AI, a graph showing productivity potential by HR Function, and the top 3 HR Activities with the greatest productivity potential.
- The report should be structured as follows: 1. Analysis of the current situation for each HR Function and Activity; 2. AI potential for each HR Function and Activity; 3. Recommendations for the top 3 priorities; 4. Specific actions to be taken.",,,,,,,,,,,,,,,,,,
GRY6dUh0TzKgfPWCCuGPrQ,my6VdsqMSt2govE7qBhx0w,RH,357YnctJT9KtOrXrWg7e9g,Compensation & benefits (C&B),YyVC1pW7QmKJ9SGtl.UPqg,Logiciels et outils,LOGICIELS ET OUTILS,Proposer des logiciels et des outils pour gérer les fonctions C&B en fonction des besoins des utilisateurs et du budget.,,,CRÉER,Current C&B management tools,User requirements,Budget,Technical specifications,Current C&B management tools | User requirements | Budget | Technical specifications | ,,,RH,,,Compensation & benefits (C&B), | ,0,0,"3693,4","3693,4",Stratégie RH,3000,Structure organisationnelle,"812,04","812,04",Stratégie RH,600,Structure organisationnelle,,"""Logiciels et outils"" in function ""Compensation & benefits (C&B)""","Role: You are a data analyst specializing in Human Resources (HR) processes.

Context: You have this .csv file  that contains data on various HR Functions and their corresponding HR Activities. This file provides insights into the time allocation for each HR Function and Activity, and potential productivity gains through the use of Artificial Intelligence (AI).

Task: Your job is to analyze this .csv file and prepare a report. The report should offer recommendations on which HR Functions and Activities should be prioritized for AI transformation.

Report Specifications:
- The report should be concise, not exceeding 600 words.
- It should include text, graphs, and diagrams (using the ""daigr.am"" plugin, if possible).
- The report should begin with a succinct executive summary that includes: the total hours currently spent on HR, the overall potential for productivity improvement with AI, a graph showing productivity potential by HR Function, and the top 3 HR Activities with the greatest productivity potential.
- The report should be structured as follows: 1. Analysis of the current situation for each HR Function and Activity; 2. AI potential for each HR Function and Activity; 3. Recommendations for the top 3 priorities; 4. Specific actions to be taken.",,,,,,,,,,,,,,,,,,
WzUivdmiRG--dBgQBRfYow,my6VdsqMSt2govE7qBhx0w,RH,mTQHgVfXTZOaKFG8N3ZpYw,Paie,O78OJmunScKr-vimb85yZA,"OKRs, KPIs et reporting","OKRS, KPIS ET REPORTING","Générer des OKR, des KPI et des mécanismes de reporting spécifiques à la paie, sur la base de références sectorielles.",,,CRÉER,Payroll objectives,Current performance metrics,Reporting tools,Industry benchmarks,Payroll objectives | Current performance metrics | Reporting tools | Industry benchmarks | ,,,RH,,,Compensation & benefits (C&B), | ,0,0,"3693,4","3693,4",Stratégie RH,3000,Structure organisationnelle,"812,04","812,04",Stratégie RH,600,Structure organisationnelle,,"""OKRs, KPIs et reporting"" in function ""Paie""","Role: You are a data analyst specializing in Human Resources (HR) processes.

Context: You have this .csv file  that contains data on various HR Functions and their corresponding HR Activities. This file provides insights into the time allocation for each HR Function and Activity, and potential productivity gains through the use of Artificial Intelligence (AI).

Task: Your job is to analyze this .csv file and prepare a report. The report should offer recommendations on which HR Functions and Activities should be prioritized for AI transformation.

Report Specifications:
- The report should be concise, not exceeding 600 words.
- It should include text, graphs, and diagrams (using the ""daigr.am"" plugin, if possible).
- The report should begin with a succinct executive summary that includes: the total hours currently spent on HR, the overall potential for productivity improvement with AI, a graph showing productivity potential by HR Function, and the top 3 HR Activities with the greatest productivity potential.
- The report should be structured as follows: 1. Analysis of the current situation for each HR Function and Activity; 2. AI potential for each HR Function and Activity; 3. Recommendations for the top 3 priorities; 4. Specific actions to be taken.",,,,,,,,,,,,,,,,,,
aMzNplL2T9OCbRAy6j5o.g,my6VdsqMSt2govE7qBhx0w,RH,mTQHgVfXTZOaKFG8N3ZpYw,Paie,kcj4fZhQR0yvuBpb2e46VA,Décaissement des salaires,DÉCAISSEMENT DES SALAIRES,Fournir des lignes directrices pour des processus de décaissement des salaires efficaces et conformes.,,,CRÉER,Employee salary data,Payroll schedule,Bank details,Compliance requirements,Employee salary data | Payroll schedule | Bank details | Compliance requirements | ,,,RH,,,Compensation & benefits (C&B), | ,0,0,"3693,4","3693,4",Stratégie RH,3000,Structure organisationnelle,"812,04","812,04",Stratégie RH,600,Structure organisationnelle,,"""Décaissement des salaires"" in function ""Paie""","Role: You are a data analyst specializing in Human Resources (HR) processes.

Context: You have this .csv file  that contains data on various HR Functions and their corresponding HR Activities. This file provides insights into the time allocation for each HR Function and Activity, and potential productivity gains through the use of Artificial Intelligence (AI).

Task: Your job is to analyze this .csv file and prepare a report. The report should offer recommendations on which HR Functions and Activities should be prioritized for AI transformation.

Report Specifications:
- The report should be concise, not exceeding 600 words.
- It should include text, graphs, and diagrams (using the ""daigr.am"" plugin, if possible).
- The report should begin with a succinct executive summary that includes: the total hours currently spent on HR, the overall potential for productivity improvement with AI, a graph showing productivity potential by HR Function, and the top 3 HR Activities with the greatest productivity potential.
- The report should be structured as follows: 1. Analysis of the current situation for each HR Function and Activity; 2. AI potential for each HR Function and Activity; 3. Recommendations for the top 3 priorities; 4. Specific actions to be taken.",,,,,,,,,,,,,,,,,,
uBt2VXHmSxiW7OAnEUFYwg,my6VdsqMSt2govE7qBhx0w,RH,mTQHgVfXTZOaKFG8N3ZpYw,Paie,zlT5Z5jaTHuVMB5KmlDvDg,Remboursement des notes de frais,REMBOURSEMENT DES NOTES DE FRAIS,Fournir des conseils sur le traitement des notes de frais conformément à la politique de l'entreprise.,,,CRÉER,Expense policies,Employee claims,Approval process,Budget limits,Expense policies | Employee claims | Approval process | Budget limits | ,,,RH,,,Compensation & benefits (C&B), | ,0,0,"3693,4","3693,4",Stratégie RH,3000,Structure organisationnelle,"812,04","812,04",Stratégie RH,600,Structure organisationnelle,,"""Remboursement des notes de frais"" in function ""Paie""","Role: You are a data analyst specializing in Human Resources (HR) processes.

Context: You have this .csv file  that contains data on various HR Functions and their corresponding HR Activities. This file provides insights into the time allocation for each HR Function and Activity, and potential productivity gains through the use of Artificial Intelligence (AI).

Task: Your job is to analyze this .csv file and prepare a report. The report should offer recommendations on which HR Functions and Activities should be prioritized for AI transformation.

Report Specifications:
- The report should be concise, not exceeding 600 words.
- It should include text, graphs, and diagrams (using the ""daigr.am"" plugin, if possible).
- The report should begin with a succinct executive summary that includes: the total hours currently spent on HR, the overall potential for productivity improvement with AI, a graph showing productivity potential by HR Function, and the top 3 HR Activities with the greatest productivity potential.
- The report should be structured as follows: 1. Analysis of the current situation for each HR Function and Activity; 2. AI potential for each HR Function and Activity; 3. Recommendations for the top 3 priorities; 4. Specific actions to be taken.",,,,,,,,,,,,,,,,,,
L17QwJriSVCF8gccM3MS5Q,my6VdsqMSt2govE7qBhx0w,RH,mTQHgVfXTZOaKFG8N3ZpYw,Paie,p2IUg1OKR1uAykDd2NgP0A,Gestion des déductions,GESTION DES DÉDUCTIONS,Fournir des modèles et des bonnes pratiques pour la gestion des déductions fiscales et des avantages sociaux.,,,CRÉER,Tax rates and regulations,Employee benefits data,Payroll software capabilities,Compliance requirements,Tax rates and regulations | Employee benefits data | Payroll software capabilities | Compliance requirements | ,,,RH,,,Compensation & benefits (C&B), | ,0,0,"3693,4","3693,4",Stratégie RH,3000,Structure organisationnelle,"812,04","812,04",Stratégie RH,600,Structure organisationnelle,,"""Gestion des déductions"" in function ""Paie""","Role: You are a data analyst specializing in Human Resources (HR) processes.

Context: You have this .csv file  that contains data on various HR Functions and their corresponding HR Activities. This file provides insights into the time allocation for each HR Function and Activity, and potential productivity gains through the use of Artificial Intelligence (AI).

Task: Your job is to analyze this .csv file and prepare a report. The report should offer recommendations on which HR Functions and Activities should be prioritized for AI transformation.

Report Specifications:
- The report should be concise, not exceeding 600 words.
- It should include text, graphs, and diagrams (using the ""daigr.am"" plugin, if possible).
- The report should begin with a succinct executive summary that includes: the total hours currently spent on HR, the overall potential for productivity improvement with AI, a graph showing productivity potential by HR Function, and the top 3 HR Activities with the greatest productivity potential.
- The report should be structured as follows: 1. Analysis of the current situation for each HR Function and Activity; 2. AI potential for each HR Function and Activity; 3. Recommendations for the top 3 priorities; 4. Specific actions to be taken.",,,,,,,,,,,,,,,,,,
5tgDo6gDReGXu52dd5gX8w,my6VdsqMSt2govE7qBhx0w,RH,mTQHgVfXTZOaKFG8N3ZpYw,Paie,7Xy1r--NSmq74BKsT2Og2Q,Tenue des dossiers,TENUE DES DOSSIERS,Aider à mettre en place des pratiques efficaces de tenue des registres de paie.,,,CRÉER,Employee payroll records,Data retention policies,Legal requirements,Security protocols,Employee payroll records | Data retention policies | Legal requirements | Security protocols | ,,,RH,,,Compensation & benefits (C&B), | ,0,0,"3693,4","3693,4",Stratégie RH,3000,Structure organisationnelle,"812,04","812,04",Stratégie RH,600,Structure organisationnelle,,"""Tenue des dossiers"" in function ""Paie""","Role: You are a data analyst specializing in Human Resources (HR) processes.

Context: You have this .csv file  that contains data on various HR Functions and their corresponding HR Activities. This file provides insights into the time allocation for each HR Function and Activity, and potential productivity gains through the use of Artificial Intelligence (AI).

Task: Your job is to analyze this .csv file and prepare a report. The report should offer recommendations on which HR Functions and Activities should be prioritized for AI transformation.

Report Specifications:
- The report should be concise, not exceeding 600 words.
- It should include text, graphs, and diagrams (using the ""daigr.am"" plugin, if possible).
- The report should begin with a succinct executive summary that includes: the total hours currently spent on HR, the overall potential for productivity improvement with AI, a graph showing productivity potential by HR Function, and the top 3 HR Activities with the greatest productivity potential.
- The report should be structured as follows: 1. Analysis of the current situation for each HR Function and Activity; 2. AI potential for each HR Function and Activity; 3. Recommendations for the top 3 priorities; 4. Specific actions to be taken.",,,,,,,,,,,,,,,,,,
oyynwCTrRwSAqjKIzQh-uA,my6VdsqMSt2govE7qBhx0w,RH,mTQHgVfXTZOaKFG8N3ZpYw,Paie,6xfHdtx9SnyTNwxTMpCXfQ,Conformité réglementaire,CONFORMITÉ RÉGLEMENTAIRE,Trouver les dernières exigences de conformité réglementaire en matière de paie.,,,CHERCHER,Payroll legal requirements,Audit reports,Regulatory updates,Compliance training materials,Payroll legal requirements | Audit reports | Regulatory updates | Compliance training materials | ,,,RH,,,Compensation & benefits (C&B), | ,0,0,"3693,4","3693,4",Stratégie RH,3000,Structure organisationnelle,"812,04","812,04",Stratégie RH,600,Structure organisationnelle,,"""Conformité réglementaire"" in function ""Paie""","Role: You are a data analyst specializing in Human Resources (HR) processes.

Context: You have this .csv file  that contains data on various HR Functions and their corresponding HR Activities. This file provides insights into the time allocation for each HR Function and Activity, and potential productivity gains through the use of Artificial Intelligence (AI).

Task: Your job is to analyze this .csv file and prepare a report. The report should offer recommendations on which HR Functions and Activities should be prioritized for AI transformation.

Report Specifications:
- The report should be concise, not exceeding 600 words.
- It should include text, graphs, and diagrams (using the ""daigr.am"" plugin, if possible).
- The report should begin with a succinct executive summary that includes: the total hours currently spent on HR, the overall potential for productivity improvement with AI, a graph showing productivity potential by HR Function, and the top 3 HR Activities with the greatest productivity potential.
- The report should be structured as follows: 1. Analysis of the current situation for each HR Function and Activity; 2. AI potential for each HR Function and Activity; 3. Recommendations for the top 3 priorities; 4. Specific actions to be taken.",,,,,,,,,,,,,,,,,,
Dox-mikrSLSgVaQgRJIJNg,my6VdsqMSt2govE7qBhx0w,RH,mTQHgVfXTZOaKFG8N3ZpYw,Paie,6xfHdtx9SnyTNwxTMpCXfQ,Conformité réglementaire,CONFORMITÉ RÉGLEMENTAIRE,Fournir des informations sur les exigences de conformité réglementaire en matière de paie.,,,CRÉER,Payroll legal requirements,Audit reports,Regulatory updates,Compliance training materials,Payroll legal requirements | Audit reports | Regulatory updates | Compliance training materials | ,,,RH,,,Compensation & benefits (C&B), | ,0,0,"3693,4","3693,4",Stratégie RH,3000,Structure organisationnelle,"812,04","812,04",Stratégie RH,600,Structure organisationnelle,,"""Conformité réglementaire"" in function ""Paie""","Role: You are a data analyst specializing in Human Resources (HR) processes.

Context: You have this .csv file  that contains data on various HR Functions and their corresponding HR Activities. This file provides insights into the time allocation for each HR Function and Activity, and potential productivity gains through the use of Artificial Intelligence (AI).

Task: Your job is to analyze this .csv file and prepare a report. The report should offer recommendations on which HR Functions and Activities should be prioritized for AI transformation.

Report Specifications:
- The report should be concise, not exceeding 600 words.
- It should include text, graphs, and diagrams (using the ""daigr.am"" plugin, if possible).
- The report should begin with a succinct executive summary that includes: the total hours currently spent on HR, the overall potential for productivity improvement with AI, a graph showing productivity potential by HR Function, and the top 3 HR Activities with the greatest productivity potential.
- The report should be structured as follows: 1. Analysis of the current situation for each HR Function and Activity; 2. AI potential for each HR Function and Activity; 3. Recommendations for the top 3 priorities; 4. Specific actions to be taken.",,,,,,,,,,,,,,,,,,
sW7HVbB4T6OFpTuEdTXJdQ,my6VdsqMSt2govE7qBhx0w,RH,mTQHgVfXTZOaKFG8N3ZpYw,Paie,YyVC1pW7QmKJ9SGtl.UPqg,Logiciels et outils,LOGICIELS ET OUTILS,Évaluer les logiciels de traitement et de gestion de la paie.,,,CHERCHER,Current payroll system capabilities,User requirements,Budget,Technical specifications,Current payroll system capabilities | User requirements | Budget | Technical specifications | ,,,RH,,,Compensation & benefits (C&B), | ,0,0,"3693,4","3693,4",Stratégie RH,3000,Structure organisationnelle,"812,04","812,04",Stratégie RH,600,Structure organisationnelle,,"""Logiciels et outils"" in function ""Paie""","Role: You are a data analyst specializing in Human Resources (HR) processes.

Context: You have this .csv file  that contains data on various HR Functions and their corresponding HR Activities. This file provides insights into the time allocation for each HR Function and Activity, and potential productivity gains through the use of Artificial Intelligence (AI).

Task: Your job is to analyze this .csv file and prepare a report. The report should offer recommendations on which HR Functions and Activities should be prioritized for AI transformation.

Report Specifications:
- The report should be concise, not exceeding 600 words.
- It should include text, graphs, and diagrams (using the ""daigr.am"" plugin, if possible).
- The report should begin with a succinct executive summary that includes: the total hours currently spent on HR, the overall potential for productivity improvement with AI, a graph showing productivity potential by HR Function, and the top 3 HR Activities with the greatest productivity potential.
- The report should be structured as follows: 1. Analysis of the current situation for each HR Function and Activity; 2. AI potential for each HR Function and Activity; 3. Recommendations for the top 3 priorities; 4. Specific actions to be taken.",,,,,,,,,,,,,,,,,,
Cp.S9FvHQyyflsOt2tKQrg,my6VdsqMSt2govE7qBhx0w,RH,mTQHgVfXTZOaKFG8N3ZpYw,Paie,YyVC1pW7QmKJ9SGtl.UPqg,Logiciels et outils,LOGICIELS ET OUTILS,Recommander des logiciels et des outils pour le traitement et la gestion de la paie.,,,CRÉER,Current payroll system capabilities,User requirements,Budget,Technical specifications,Current payroll system capabilities | User requirements | Budget | Technical specifications | ,,,RH,,,Compensation & benefits (C&B), | ,0,0,"3693,4","3693,4",Stratégie RH,3000,Structure organisationnelle,"812,04","812,04",Stratégie RH,600,Structure organisationnelle,,"""Logiciels et outils"" in function ""Paie""","Role: You are a data analyst specializing in Human Resources (HR) processes.

Context: You have this .csv file  that contains data on various HR Functions and their corresponding HR Activities. This file provides insights into the time allocation for each HR Function and Activity, and potential productivity gains through the use of Artificial Intelligence (AI).

Task: Your job is to analyze this .csv file and prepare a report. The report should offer recommendations on which HR Functions and Activities should be prioritized for AI transformation.

Report Specifications:
- The report should be concise, not exceeding 600 words.
- It should include text, graphs, and diagrams (using the ""daigr.am"" plugin, if possible).
- The report should begin with a succinct executive summary that includes: the total hours currently spent on HR, the overall potential for productivity improvement with AI, a graph showing productivity potential by HR Function, and the top 3 HR Activities with the greatest productivity potential.
- The report should be structured as follows: 1. Analysis of the current situation for each HR Function and Activity; 2. AI potential for each HR Function and Activity; 3. Recommendations for the top 3 priorities; 4. Specific actions to be taken.",,,,,,,,,,,,,,,,,,
V1IofItWSXCof4d5ipYxXg,my6VdsqMSt2govE7qBhx0w,RH,GRFbBE.tScStEm.ctUoiIA,Gestion de la Performance,GVY0H2gpSiGjuHodDbVdPw,"OKRs, KPIs et reporting","OKRS, KPIS ET REPORTING","Générer des OKR, des KPI et des rapports spécifiques à la gestion des performances.",,,CRÉER,Performance management objectives,Current performance metrics,Reporting tools,Industry benchmarks,Performance management objectives | Current performance metrics | Reporting tools | Industry benchmarks | ,,,RH,,,Compensation & benefits (C&B), | ,0,0,"3693,4","3693,4",Stratégie RH,3000,Structure organisationnelle,"812,04","812,04",Stratégie RH,600,Structure organisationnelle,,"""OKRs, KPIs et reporting"" in function ""Gestion de la Performance""","Role: You are a data analyst specializing in Human Resources (HR) processes.

Context: You have this .csv file  that contains data on various HR Functions and their corresponding HR Activities. This file provides insights into the time allocation for each HR Function and Activity, and potential productivity gains through the use of Artificial Intelligence (AI).

Task: Your job is to analyze this .csv file and prepare a report. The report should offer recommendations on which HR Functions and Activities should be prioritized for AI transformation.

Report Specifications:
- The report should be concise, not exceeding 600 words.
- It should include text, graphs, and diagrams (using the ""daigr.am"" plugin, if possible).
- The report should begin with a succinct executive summary that includes: the total hours currently spent on HR, the overall potential for productivity improvement with AI, a graph showing productivity potential by HR Function, and the top 3 HR Activities with the greatest productivity potential.
- The report should be structured as follows: 1. Analysis of the current situation for each HR Function and Activity; 2. AI potential for each HR Function and Activity; 3. Recommendations for the top 3 priorities; 4. Specific actions to be taken.",,,,,,,,,,,,,,,,,,
T0mYhAS2QTG6QGsoOj2h2Q,my6VdsqMSt2govE7qBhx0w,RH,GRFbBE.tScStEm.ctUoiIA,Gestion de la Performance,rV14E9A-TlW0wOUeqrnUZw,Conception d'une stratégie de performance,CONCEPTION D'UNE STRATÉGIE DE PERFORMANCE,Fournir des cadres pour l'élaboration de stratégies d'évaluation et de classement des employés.,,,CRÉER,Company objectives,Employee roles and levels,Evaluation criteria,Industry best practices,Company objectives | Employee roles and levels | Evaluation criteria | Industry best practices | ,,,RH,,,Compensation & benefits (C&B), | ,0,0,"3693,4","3693,4",Stratégie RH,3000,Structure organisationnelle,"812,04","812,04",Stratégie RH,600,Structure organisationnelle,,"""Conception d'une stratégie de performance"" in function ""Gestion de la Performance""","Role: You are a data analyst specializing in Human Resources (HR) processes.

Context: You have this .csv file  that contains data on various HR Functions and their corresponding HR Activities. This file provides insights into the time allocation for each HR Function and Activity, and potential productivity gains through the use of Artificial Intelligence (AI).

Task: Your job is to analyze this .csv file and prepare a report. The report should offer recommendations on which HR Functions and Activities should be prioritized for AI transformation.

Report Specifications:
- The report should be concise, not exceeding 600 words.
- It should include text, graphs, and diagrams (using the ""daigr.am"" plugin, if possible).
- The report should begin with a succinct executive summary that includes: the total hours currently spent on HR, the overall potential for productivity improvement with AI, a graph showing productivity potential by HR Function, and the top 3 HR Activities with the greatest productivity potential.
- The report should be structured as follows: 1. Analysis of the current situation for each HR Function and Activity; 2. AI potential for each HR Function and Activity; 3. Recommendations for the top 3 priorities; 4. Specific actions to be taken.",,,,,,,,,,,,,,,,,,
SNNdYpANR2enqF6upu8urw,my6VdsqMSt2govE7qBhx0w,RH,GRFbBE.tScStEm.ctUoiIA,Gestion de la Performance,hFBiFOf3SbSD.otFNH2JnQ,Définition des objectifs,DÉFINITION DES OBJECTIFS,"Aider à définir des objectifs de performance clairs et mesurables, alignés sur les objectifs de l'entreprise.",,,CRÉER,Company objectives,Departmental goals,Employee roles,Performance benchmarks,Company objectives | Departmental goals | Employee roles | Performance benchmarks | ,,,RH,,,Compensation & benefits (C&B), | ,0,0,"3693,4","3693,4",Stratégie RH,3000,Structure organisationnelle,"812,04","812,04",Stratégie RH,600,Structure organisationnelle,,"""Définition des objectifs"" in function ""Gestion de la Performance""","Role: You are a data analyst specializing in Human Resources (HR) processes.

Context: You have this .csv file  that contains data on various HR Functions and their corresponding HR Activities. This file provides insights into the time allocation for each HR Function and Activity, and potential productivity gains through the use of Artificial Intelligence (AI).

Task: Your job is to analyze this .csv file and prepare a report. The report should offer recommendations on which HR Functions and Activities should be prioritized for AI transformation.

Report Specifications:
- The report should be concise, not exceeding 600 words.
- It should include text, graphs, and diagrams (using the ""daigr.am"" plugin, if possible).
- The report should begin with a succinct executive summary that includes: the total hours currently spent on HR, the overall potential for productivity improvement with AI, a graph showing productivity potential by HR Function, and the top 3 HR Activities with the greatest productivity potential.
- The report should be structured as follows: 1. Analysis of the current situation for each HR Function and Activity; 2. AI potential for each HR Function and Activity; 3. Recommendations for the top 3 priorities; 4. Specific actions to be taken.",,,,,,,,,,,,,,,,,,
rF8f4RklS6a87vC2X3hQjQ,my6VdsqMSt2govE7qBhx0w,RH,GRFbBE.tScStEm.ctUoiIA,Gestion de la Performance,zHM1LXIgQYCn9ThfgTeF5w,Mesure de la performance,MESURE DE LA PERFORMANCE,Proposer divers indicateurs et KPI pour une évaluation objective des performances.,,,CRÉER,Evaluation criteria,Role requirements,Industry benchmarks,Performance management tools,Evaluation criteria | Role requirements | Industry benchmarks | Performance management tools | ,,,RH,,,Compensation & benefits (C&B), | ,0,0,"3693,4","3693,4",Stratégie RH,3000,Structure organisationnelle,"812,04","812,04",Stratégie RH,600,Structure organisationnelle,,"""Mesure de la performance"" in function ""Gestion de la Performance""","Role: You are a data analyst specializing in Human Resources (HR) processes.

Context: You have this .csv file  that contains data on various HR Functions and their corresponding HR Activities. This file provides insights into the time allocation for each HR Function and Activity, and potential productivity gains through the use of Artificial Intelligence (AI).

Task: Your job is to analyze this .csv file and prepare a report. The report should offer recommendations on which HR Functions and Activities should be prioritized for AI transformation.

Report Specifications:
- The report should be concise, not exceeding 600 words.
- It should include text, graphs, and diagrams (using the ""daigr.am"" plugin, if possible).
- The report should begin with a succinct executive summary that includes: the total hours currently spent on HR, the overall potential for productivity improvement with AI, a graph showing productivity potential by HR Function, and the top 3 HR Activities with the greatest productivity potential.
- The report should be structured as follows: 1. Analysis of the current situation for each HR Function and Activity; 2. AI potential for each HR Function and Activity; 3. Recommendations for the top 3 priorities; 4. Specific actions to be taken.",,,,,,,,,,,,,,,,,,
TbS4mCg7SsWkVf6uQrH9ew,my6VdsqMSt2govE7qBhx0w,RH,GRFbBE.tScStEm.ctUoiIA,Gestion de la Performance,WL.RwnsMTMKa0cYbsf4gkA,Examens et rapports de performance,EXAMENS ET RAPPORTS DE PERFORMANCE,Fournir des modèles et des lignes directrices pour la conduite des évaluations des performances.,,,CRÉER,Review framework,Employee performance data,Manager feedback,Review schedule,Review framework | Employee performance data | Manager feedback | Review schedule | ,,,RH,,,Compensation & benefits (C&B), | ,0,0,"3693,4","3693,4",Stratégie RH,3000,Structure organisationnelle,"812,04","812,04",Stratégie RH,600,Structure organisationnelle,,"""Examens et rapports de performance"" in function ""Gestion de la Performance""","Role: You are a data analyst specializing in Human Resources (HR) processes.

Context: You have this .csv file  that contains data on various HR Functions and their corresponding HR Activities. This file provides insights into the time allocation for each HR Function and Activity, and potential productivity gains through the use of Artificial Intelligence (AI).

Task: Your job is to analyze this .csv file and prepare a report. The report should offer recommendations on which HR Functions and Activities should be prioritized for AI transformation.

Report Specifications:
- The report should be concise, not exceeding 600 words.
- It should include text, graphs, and diagrams (using the ""daigr.am"" plugin, if possible).
- The report should begin with a succinct executive summary that includes: the total hours currently spent on HR, the overall potential for productivity improvement with AI, a graph showing productivity potential by HR Function, and the top 3 HR Activities with the greatest productivity potential.
- The report should be structured as follows: 1. Analysis of the current situation for each HR Function and Activity; 2. AI potential for each HR Function and Activity; 3. Recommendations for the top 3 priorities; 4. Specific actions to be taken.",,,,,,,,,,,,,,,,,,
WF4r.ndCRhO-.TUEoCwfOw,my6VdsqMSt2govE7qBhx0w,RH,GRFbBE.tScStEm.ctUoiIA,Gestion de la Performance,YW8Xq2r5RNS9wsJUBMisuA,Feedback continu du manager,FEEDBACK CONTINU DU MANAGER,Proposer des stratégies permettant aux cadres de fournir un retour d'information et un coaching continus.,,,CRÉER,Feedback guidelines,Performance objectives,Employee profiles,Communication channels,Feedback guidelines | Performance objectives | Employee profiles | Communication channels | ,,,RH,,,Compensation & benefits (C&B), | ,0,0,"3693,4","3693,4",Stratégie RH,3000,Structure organisationnelle,"812,04","812,04",Stratégie RH,600,Structure organisationnelle,,"""Feedback continu du manager"" in function ""Gestion de la Performance""","Role: You are a data analyst specializing in Human Resources (HR) processes.

Context: You have this .csv file  that contains data on various HR Functions and their corresponding HR Activities. This file provides insights into the time allocation for each HR Function and Activity, and potential productivity gains through the use of Artificial Intelligence (AI).

Task: Your job is to analyze this .csv file and prepare a report. The report should offer recommendations on which HR Functions and Activities should be prioritized for AI transformation.

Report Specifications:
- The report should be concise, not exceeding 600 words.
- It should include text, graphs, and diagrams (using the ""daigr.am"" plugin, if possible).
- The report should begin with a succinct executive summary that includes: the total hours currently spent on HR, the overall potential for productivity improvement with AI, a graph showing productivity potential by HR Function, and the top 3 HR Activities with the greatest productivity potential.
- The report should be structured as follows: 1. Analysis of the current situation for each HR Function and Activity; 2. AI potential for each HR Function and Activity; 3. Recommendations for the top 3 priorities; 4. Specific actions to be taken.",,,,,,,,,,,,,,,,,,
FzkCZTa8SGGXW0HhfHP6xA,my6VdsqMSt2govE7qBhx0w,RH,GRFbBE.tScStEm.ctUoiIA,Gestion de la Performance,pzfE2t7QQfiSF5xXkIyvJQ,Plan de développement des employés,PLAN DE DÉVELOPPEMENT DES EMPLOYÉS,Aider à créer des plans de développement pour les employés sur la base des données relatives aux performances.,,,CRÉER,Employee performance data,Training resources,Career paths,Development objectives,Employee performance data | Training resources | Career paths | Development objectives | ,,,RH,,,Compensation & benefits (C&B), | ,0,0,"3693,4","3693,4",Stratégie RH,3000,Structure organisationnelle,"812,04","812,04",Stratégie RH,600,Structure organisationnelle,,"""Plan de développement des employés"" in function ""Gestion de la Performance""","Role: You are a data analyst specializing in Human Resources (HR) processes.

Context: You have this .csv file  that contains data on various HR Functions and their corresponding HR Activities. This file provides insights into the time allocation for each HR Function and Activity, and potential productivity gains through the use of Artificial Intelligence (AI).

Task: Your job is to analyze this .csv file and prepare a report. The report should offer recommendations on which HR Functions and Activities should be prioritized for AI transformation.

Report Specifications:
- The report should be concise, not exceeding 600 words.
- It should include text, graphs, and diagrams (using the ""daigr.am"" plugin, if possible).
- The report should begin with a succinct executive summary that includes: the total hours currently spent on HR, the overall potential for productivity improvement with AI, a graph showing productivity potential by HR Function, and the top 3 HR Activities with the greatest productivity potential.
- The report should be structured as follows: 1. Analysis of the current situation for each HR Function and Activity; 2. AI potential for each HR Function and Activity; 3. Recommendations for the top 3 priorities; 4. Specific actions to be taken.",,,,,,,,,,,,,,,,,,
pUrpkqBJQymCnuz77Wv66w,my6VdsqMSt2govE7qBhx0w,RH,GRFbBE.tScStEm.ctUoiIA,Gestion de la Performance,YyVC1pW7QmKJ9SGtl.UPqg,Logiciels et outils,LOGICIELS ET OUTILS,Trouver des logiciels adaptés à la gestion des performances.,,,CHERCHER,Current performance management tools,User requirements,Budget,Technical specifications,Current performance management tools | User requirements | Budget | Technical specifications | ,,,RH,,,Compensation & benefits (C&B), | ,0,0,"3693,4","3693,4",Stratégie RH,3000,Structure organisationnelle,"812,04","812,04",Stratégie RH,600,Structure organisationnelle,,"""Logiciels et outils"" in function ""Gestion de la Performance""","Role: You are a data analyst specializing in Human Resources (HR) processes.

Context: You have this .csv file  that contains data on various HR Functions and their corresponding HR Activities. This file provides insights into the time allocation for each HR Function and Activity, and potential productivity gains through the use of Artificial Intelligence (AI).

Task: Your job is to analyze this .csv file and prepare a report. The report should offer recommendations on which HR Functions and Activities should be prioritized for AI transformation.

Report Specifications:
- The report should be concise, not exceeding 600 words.
- It should include text, graphs, and diagrams (using the ""daigr.am"" plugin, if possible).
- The report should begin with a succinct executive summary that includes: the total hours currently spent on HR, the overall potential for productivity improvement with AI, a graph showing productivity potential by HR Function, and the top 3 HR Activities with the greatest productivity potential.
- The report should be structured as follows: 1. Analysis of the current situation for each HR Function and Activity; 2. AI potential for each HR Function and Activity; 3. Recommendations for the top 3 priorities; 4. Specific actions to be taken.",,,,,,,,,,,,,,,,,,
6wLAf5o0TumyOiUyAu1DBg,my6VdsqMSt2govE7qBhx0w,RH,GRFbBE.tScStEm.ctUoiIA,Gestion de la Performance,YyVC1pW7QmKJ9SGtl.UPqg,Logiciels et outils,LOGICIELS ET OUTILS,suggérer des logiciels et des outils pour la gestion des entretiens d'évaluation et du retour d'information,,,CRÉER,Current performance management tools,User requirements,Budget,Technical specifications,Current performance management tools | User requirements | Budget | Technical specifications | ,,,RH,,,Compensation & benefits (C&B), | ,0,0,"3693,4","3693,4",Stratégie RH,3000,Structure organisationnelle,"812,04","812,04",Stratégie RH,600,Structure organisationnelle,,"""Logiciels et outils"" in function ""Gestion de la Performance""","Role: You are a data analyst specializing in Human Resources (HR) processes.

Context: You have this .csv file  that contains data on various HR Functions and their corresponding HR Activities. This file provides insights into the time allocation for each HR Function and Activity, and potential productivity gains through the use of Artificial Intelligence (AI).

Task: Your job is to analyze this .csv file and prepare a report. The report should offer recommendations on which HR Functions and Activities should be prioritized for AI transformation.

Report Specifications:
- The report should be concise, not exceeding 600 words.
- It should include text, graphs, and diagrams (using the ""daigr.am"" plugin, if possible).
- The report should begin with a succinct executive summary that includes: the total hours currently spent on HR, the overall potential for productivity improvement with AI, a graph showing productivity potential by HR Function, and the top 3 HR Activities with the greatest productivity potential.
- The report should be structured as follows: 1. Analysis of the current situation for each HR Function and Activity; 2. AI potential for each HR Function and Activity; 3. Recommendations for the top 3 priorities; 4. Specific actions to be taken.",,,,,,,,,,,,,,,,,,
suahsowCTNKZw2QwrMoJCQ,my6VdsqMSt2govE7qBhx0w,RH,Rxb.OKSTRJaB1sJNAsPPLQ,Développement des Carrières,JBia3NtwQ1G-4bjZ0uwCaA,"OKRs, KPIs et reporting","OKRS, KPIS ET REPORTING","Aider à définir des OKR, des KPI et des mécanismes de reporting spécifiques au développement de carrière.",,,CRÉER,Career development objectives,Current performance metrics,Reporting tools,Industry benchmarks,Career development objectives | Current performance metrics | Reporting tools | Industry benchmarks | ,,,RH,,,Compensation & benefits (C&B), | ,0,0,"3693,4","3693,4",Stratégie RH,3000,Structure organisationnelle,"812,04","812,04",Stratégie RH,600,Structure organisationnelle,,"""OKRs, KPIs et reporting"" in function ""Développement des Carrières""","Role: You are a data analyst specializing in Human Resources (HR) processes.

Context: You have this .csv file  that contains data on various HR Functions and their corresponding HR Activities. This file provides insights into the time allocation for each HR Function and Activity, and potential productivity gains through the use of Artificial Intelligence (AI).

Task: Your job is to analyze this .csv file and prepare a report. The report should offer recommendations on which HR Functions and Activities should be prioritized for AI transformation.

Report Specifications:
- The report should be concise, not exceeding 600 words.
- It should include text, graphs, and diagrams (using the ""daigr.am"" plugin, if possible).
- The report should begin with a succinct executive summary that includes: the total hours currently spent on HR, the overall potential for productivity improvement with AI, a graph showing productivity potential by HR Function, and the top 3 HR Activities with the greatest productivity potential.
- The report should be structured as follows: 1. Analysis of the current situation for each HR Function and Activity; 2. AI potential for each HR Function and Activity; 3. Recommendations for the top 3 priorities; 4. Specific actions to be taken.",,,,,,,,,,,,,,,,,,
tXWHKKopRvq0uKUOafhM1Q,my6VdsqMSt2govE7qBhx0w,RH,Rxb.OKSTRJaB1sJNAsPPLQ,Développement des Carrières,UZ7EPvPgR7eojI70gKA59g,Parcours de carrière,PARCOURS DE CARRIÈRE,Fournir des conseils pour développer des parcours de progression de carrière pour différents rôles.,,,CRÉER,Employee roles,Skill requirements,Career progression options,Industry trends,Employee roles | Skill requirements | Career progression options | Industry trends | ,,,RH,,,Compensation & benefits (C&B), | ,0,0,"3693,4","3693,4",Stratégie RH,3000,Structure organisationnelle,"812,04","812,04",Stratégie RH,600,Structure organisationnelle,,"""Parcours de carrière"" in function ""Développement des Carrières""","Role: You are a data analyst specializing in Human Resources (HR) processes.

Context: You have this .csv file  that contains data on various HR Functions and their corresponding HR Activities. This file provides insights into the time allocation for each HR Function and Activity, and potential productivity gains through the use of Artificial Intelligence (AI).

Task: Your job is to analyze this .csv file and prepare a report. The report should offer recommendations on which HR Functions and Activities should be prioritized for AI transformation.

Report Specifications:
- The report should be concise, not exceeding 600 words.
- It should include text, graphs, and diagrams (using the ""daigr.am"" plugin, if possible).
- The report should begin with a succinct executive summary that includes: the total hours currently spent on HR, the overall potential for productivity improvement with AI, a graph showing productivity potential by HR Function, and the top 3 HR Activities with the greatest productivity potential.
- The report should be structured as follows: 1. Analysis of the current situation for each HR Function and Activity; 2. AI potential for each HR Function and Activity; 3. Recommendations for the top 3 priorities; 4. Specific actions to be taken.",,,,,,,,,,,,,,,,,,
M-kJMDN8SEyqOnPOyjgKZw,my6VdsqMSt2govE7qBhx0w,RH,Rxb.OKSTRJaB1sJNAsPPLQ,Développement des Carrières,cOYtxXSVTyawsPMGF23Lmg,Programmes de mentorat,PROGRAMMES DE MENTORAT,Proposer des cadres pour la création de programmes de mentorat et de coaching.,,,CRÉER,Employee profiles,Mentor availability,Program objectives,Feedback mechanisms,Employee profiles | Mentor availability | Program objectives | Feedback mechanisms | ,,,RH,,,Compensation & benefits (C&B), | ,0,0,"3693,4","3693,4",Stratégie RH,3000,Structure organisationnelle,"812,04","812,04",Stratégie RH,600,Structure organisationnelle,,"""Programmes de mentorat"" in function ""Développement des Carrières""","Role: You are a data analyst specializing in Human Resources (HR) processes.

Context: You have this .csv file  that contains data on various HR Functions and their corresponding HR Activities. This file provides insights into the time allocation for each HR Function and Activity, and potential productivity gains through the use of Artificial Intelligence (AI).

Task: Your job is to analyze this .csv file and prepare a report. The report should offer recommendations on which HR Functions and Activities should be prioritized for AI transformation.

Report Specifications:
- The report should be concise, not exceeding 600 words.
- It should include text, graphs, and diagrams (using the ""daigr.am"" plugin, if possible).
- The report should begin with a succinct executive summary that includes: the total hours currently spent on HR, the overall potential for productivity improvement with AI, a graph showing productivity potential by HR Function, and the top 3 HR Activities with the greatest productivity potential.
- The report should be structured as follows: 1. Analysis of the current situation for each HR Function and Activity; 2. AI potential for each HR Function and Activity; 3. Recommendations for the top 3 priorities; 4. Specific actions to be taken.",,,,,,,,,,,,,,,,,,
4nsMQf1.SfSIYuyOSjM5cw,my6VdsqMSt2govE7qBhx0w,RH,Rxb.OKSTRJaB1sJNAsPPLQ,Développement des Carrières,B3f9ZrpERE2WzHBOHXejGw,Évaluation des compétences,ÉVALUATION DES COMPÉTENCES,Aider à identifier les lacunes en matière de compétences et les besoins de développement.,,,CRÉER,Employee roles,Competency framework,Assessment tools,Development needs,Employee roles | Competency framework | Assessment tools | Development needs | ,,,RH,,,Compensation & benefits (C&B), | ,0,0,"3693,4","3693,4",Stratégie RH,3000,Structure organisationnelle,"812,04","812,04",Stratégie RH,600,Structure organisationnelle,,"""Évaluation des compétences"" in function ""Développement des Carrières""","Role: You are a data analyst specializing in Human Resources (HR) processes.

Context: You have this .csv file  that contains data on various HR Functions and their corresponding HR Activities. This file provides insights into the time allocation for each HR Function and Activity, and potential productivity gains through the use of Artificial Intelligence (AI).

Task: Your job is to analyze this .csv file and prepare a report. The report should offer recommendations on which HR Functions and Activities should be prioritized for AI transformation.

Report Specifications:
- The report should be concise, not exceeding 600 words.
- It should include text, graphs, and diagrams (using the ""daigr.am"" plugin, if possible).
- The report should begin with a succinct executive summary that includes: the total hours currently spent on HR, the overall potential for productivity improvement with AI, a graph showing productivity potential by HR Function, and the top 3 HR Activities with the greatest productivity potential.
- The report should be structured as follows: 1. Analysis of the current situation for each HR Function and Activity; 2. AI potential for each HR Function and Activity; 3. Recommendations for the top 3 priorities; 4. Specific actions to be taken.",,,,,,,,,,,,,,,,,,
LhMV0mfRTUa6BF4.MF9FTw,my6VdsqMSt2govE7qBhx0w,RH,Rxb.OKSTRJaB1sJNAsPPLQ,Développement des Carrières,hK1vtd7HRpKY-b7fXixJ4w,Développement professionnel,DÉVELOPPEMENT PROFESSIONNEL,Proposer des suggestions de programmes de formation basés sur les parcours de carrière.,,,CRÉER,Training needs,Career paths,Training resources,Budget,Training needs | Career paths | Training resources | Budget | ,,,RH,,,Compensation & benefits (C&B), | ,0,0,"3693,4","3693,4",Stratégie RH,3000,Structure organisationnelle,"812,04","812,04",Stratégie RH,600,Structure organisationnelle,,"""Développement professionnel"" in function ""Développement des Carrières""","Role: You are a data analyst specializing in Human Resources (HR) processes.

Context: You have this .csv file  that contains data on various HR Functions and their corresponding HR Activities. This file provides insights into the time allocation for each HR Function and Activity, and potential productivity gains through the use of Artificial Intelligence (AI).

Task: Your job is to analyze this .csv file and prepare a report. The report should offer recommendations on which HR Functions and Activities should be prioritized for AI transformation.

Report Specifications:
- The report should be concise, not exceeding 600 words.
- It should include text, graphs, and diagrams (using the ""daigr.am"" plugin, if possible).
- The report should begin with a succinct executive summary that includes: the total hours currently spent on HR, the overall potential for productivity improvement with AI, a graph showing productivity potential by HR Function, and the top 3 HR Activities with the greatest productivity potential.
- The report should be structured as follows: 1. Analysis of the current situation for each HR Function and Activity; 2. AI potential for each HR Function and Activity; 3. Recommendations for the top 3 priorities; 4. Specific actions to be taken.",,,,,,,,,,,,,,,,,,
jMJb-A72Rgqp2UEvgMtSlw,my6VdsqMSt2govE7qBhx0w,RH,Rxb.OKSTRJaB1sJNAsPPLQ,Développement des Carrières,xdrSu8gZSIKpH7QmGYrosA,Planification de la succession,PLANIFICATION DE LA SUCCESSION,Fournir des conseils sur l'élaboration de programmes de réussite.,,,CRÉER,Leadership roles,Candidate profiles,Development programs,Organizational strategy,Leadership roles | Candidate profiles | Development programs | Organizational strategy | ,,,RH,,,Compensation & benefits (C&B), | ,0,0,"3693,4","3693,4",Stratégie RH,3000,Structure organisationnelle,"812,04","812,04",Stratégie RH,600,Structure organisationnelle,,"""Planification de la succession"" in function ""Développement des Carrières""","Role: You are a data analyst specializing in Human Resources (HR) processes.

Context: You have this .csv file  that contains data on various HR Functions and their corresponding HR Activities. This file provides insights into the time allocation for each HR Function and Activity, and potential productivity gains through the use of Artificial Intelligence (AI).

Task: Your job is to analyze this .csv file and prepare a report. The report should offer recommendations on which HR Functions and Activities should be prioritized for AI transformation.

Report Specifications:
- The report should be concise, not exceeding 600 words.
- It should include text, graphs, and diagrams (using the ""daigr.am"" plugin, if possible).
- The report should begin with a succinct executive summary that includes: the total hours currently spent on HR, the overall potential for productivity improvement with AI, a graph showing productivity potential by HR Function, and the top 3 HR Activities with the greatest productivity potential.
- The report should be structured as follows: 1. Analysis of the current situation for each HR Function and Activity; 2. AI potential for each HR Function and Activity; 3. Recommendations for the top 3 priorities; 4. Specific actions to be taken.",,,,,,,,,,,,,,,,,,
w9LzvhqiTJKxn6VptcYdqw,my6VdsqMSt2govE7qBhx0w,RH,Rxb.OKSTRJaB1sJNAsPPLQ,Développement des Carrières,YyVC1pW7QmKJ9SGtl.UPqg,Logiciels et outils,LOGICIELS ET OUTILS,Trouver des logiciels adaptés au suivi et à la gestion du développement de carrière.,,,CHERCHER,Current career development tools,User requirements,Budget,Technical specifications,Current career development tools | User requirements | Budget | Technical specifications | ,,,RH,,,Compensation & benefits (C&B), | ,0,0,"3693,4","3693,4",Stratégie RH,3000,Structure organisationnelle,"812,04","812,04",Stratégie RH,600,Structure organisationnelle,,"""Logiciels et outils"" in function ""Développement des Carrières""","Role: You are a data analyst specializing in Human Resources (HR) processes.

Context: You have this .csv file  that contains data on various HR Functions and their corresponding HR Activities. This file provides insights into the time allocation for each HR Function and Activity, and potential productivity gains through the use of Artificial Intelligence (AI).

Task: Your job is to analyze this .csv file and prepare a report. The report should offer recommendations on which HR Functions and Activities should be prioritized for AI transformation.

Report Specifications:
- The report should be concise, not exceeding 600 words.
- It should include text, graphs, and diagrams (using the ""daigr.am"" plugin, if possible).
- The report should begin with a succinct executive summary that includes: the total hours currently spent on HR, the overall potential for productivity improvement with AI, a graph showing productivity potential by HR Function, and the top 3 HR Activities with the greatest productivity potential.
- The report should be structured as follows: 1. Analysis of the current situation for each HR Function and Activity; 2. AI potential for each HR Function and Activity; 3. Recommendations for the top 3 priorities; 4. Specific actions to be taken.",,,,,,,,,,,,,,,,,,
q0poFXgLQLyZAesv.35.yQ,my6VdsqMSt2govE7qBhx0w,RH,Rxb.OKSTRJaB1sJNAsPPLQ,Développement des Carrières,YyVC1pW7QmKJ9SGtl.UPqg,Logiciels et outils,LOGICIELS ET OUTILS,Recommander des logiciels et des outils pour le suivi et la gestion de l'évolution de carrière.,,,CRÉER,Current career development tools,User requirements,Budget,Technical specifications,Current career development tools | User requirements | Budget | Technical specifications | ,,,RH,,,Compensation & benefits (C&B), | ,0,0,"3693,4","3693,4",Stratégie RH,3000,Structure organisationnelle,"812,04","812,04",Stratégie RH,600,Structure organisationnelle,,"""Logiciels et outils"" in function ""Développement des Carrières""","Role: You are a data analyst specializing in Human Resources (HR) processes.

Context: You have this .csv file  that contains data on various HR Functions and their corresponding HR Activities. This file provides insights into the time allocation for each HR Function and Activity, and potential productivity gains through the use of Artificial Intelligence (AI).

Task: Your job is to analyze this .csv file and prepare a report. The report should offer recommendations on which HR Functions and Activities should be prioritized for AI transformation.

Report Specifications:
- The report should be concise, not exceeding 600 words.
- It should include text, graphs, and diagrams (using the ""daigr.am"" plugin, if possible).
- The report should begin with a succinct executive summary that includes: the total hours currently spent on HR, the overall potential for productivity improvement with AI, a graph showing productivity potential by HR Function, and the top 3 HR Activities with the greatest productivity potential.
- The report should be structured as follows: 1. Analysis of the current situation for each HR Function and Activity; 2. AI potential for each HR Function and Activity; 3. Recommendations for the top 3 priorities; 4. Specific actions to be taken.",,,,,,,,,,,,,,,,,,
Mo-lXIP.RbCBiH5vrKTfYA,my6VdsqMSt2govE7qBhx0w,RH,Xb.MXcL.SeORmPcvQHeS2g,Formation,0mFvWj9GQnG-k5fwzh60hQ,"OKRs, KPIs et reporting","OKRS, KPIS ET REPORTING",Aider à définir des OKR et des KPI spécifiques à la formation et à élaborer des cadres de reporting.,,,CRÉER,Industry benchmarks,,,,Industry benchmarks |  |  |  | ,,,RH,,,Compensation & benefits (C&B), | ,0,0,"3693,4","3693,4",Stratégie RH,3000,Structure organisationnelle,"812,04","812,04",Stratégie RH,600,Structure organisationnelle,,"""OKRs, KPIs et reporting"" in function ""Formation""","Role: You are a data analyst specializing in Human Resources (HR) processes.

Context: You have this .csv file  that contains data on various HR Functions and their corresponding HR Activities. This file provides insights into the time allocation for each HR Function and Activity, and potential productivity gains through the use of Artificial Intelligence (AI).

Task: Your job is to analyze this .csv file and prepare a report. The report should offer recommendations on which HR Functions and Activities should be prioritized for AI transformation.

Report Specifications:
- The report should be concise, not exceeding 600 words.
- It should include text, graphs, and diagrams (using the ""daigr.am"" plugin, if possible).
- The report should begin with a succinct executive summary that includes: the total hours currently spent on HR, the overall potential for productivity improvement with AI, a graph showing productivity potential by HR Function, and the top 3 HR Activities with the greatest productivity potential.
- The report should be structured as follows: 1. Analysis of the current situation for each HR Function and Activity; 2. AI potential for each HR Function and Activity; 3. Recommendations for the top 3 priorities; 4. Specific actions to be taken.",,,,,,,,,,,,,,,,,,
bW.Ut27pQKyb37L.lLypAg,my6VdsqMSt2govE7qBhx0w,RH,Xb.MXcL.SeORmPcvQHeS2g,Formation,qNuywG39RbmiNLx7D692Ng,Évaluation des besoins,ÉVALUATION DES BESOINS,Fournir des conseils sur l'évaluation des besoins en formation.,,,CRÉER,Job requirements,Performance gaps,Employee feedback,Industry trends,Job requirements | Performance gaps | Employee feedback | Industry trends | ,,,RH,,,Compensation & benefits (C&B), | ,0,0,"3693,4","3693,4",Stratégie RH,3000,Structure organisationnelle,"812,04","812,04",Stratégie RH,600,Structure organisationnelle,,"""Évaluation des besoins"" in function ""Formation""","Role: You are a data analyst specializing in Human Resources (HR) processes.

Context: You have this .csv file  that contains data on various HR Functions and their corresponding HR Activities. This file provides insights into the time allocation for each HR Function and Activity, and potential productivity gains through the use of Artificial Intelligence (AI).

Task: Your job is to analyze this .csv file and prepare a report. The report should offer recommendations on which HR Functions and Activities should be prioritized for AI transformation.

Report Specifications:
- The report should be concise, not exceeding 600 words.
- It should include text, graphs, and diagrams (using the ""daigr.am"" plugin, if possible).
- The report should begin with a succinct executive summary that includes: the total hours currently spent on HR, the overall potential for productivity improvement with AI, a graph showing productivity potential by HR Function, and the top 3 HR Activities with the greatest productivity potential.
- The report should be structured as follows: 1. Analysis of the current situation for each HR Function and Activity; 2. AI potential for each HR Function and Activity; 3. Recommendations for the top 3 priorities; 4. Specific actions to be taken.",,,,,,,,,,,,,,,,,,
a-iCnve3gTeilCF8AajzYYw,my6VdsqMSt2govE7qBhx0w,RH,Xb.MXcL.SeORmPcvQHeS2g,Formation,pwXv2N0qRDOnZfwWHJsj1w,Programme et plan de formation,PROGRAMME ET PLAN DE FORMATION,Aider à définir des programmes et des plans de formation pour différents niveaux d'employés.,,,CRÉER,Training needs,Employee roles and levels,Training schedule,Budget,Training needs | Employee roles and levels | Training schedule | Budget | ,,,RH,,,Compensation & benefits (C&B), | ,0,0,"3693,4","3693,4",Stratégie RH,3000,Structure organisationnelle,"812,04","812,04",Stratégie RH,600,Structure organisationnelle,,"""Programme et plan de formation"" in function ""Formation""","Role: You are a data analyst specializing in Human Resources (HR) processes.

Context: You have this .csv file  that contains data on various HR Functions and their corresponding HR Activities. This file provides insights into the time allocation for each HR Function and Activity, and potential productivity gains through the use of Artificial Intelligence (AI).

Task: Your job is to analyze this .csv file and prepare a report. The report should offer recommendations on which HR Functions and Activities should be prioritized for AI transformation.

Report Specifications:
- The report should be concise, not exceeding 600 words.
- It should include text, graphs, and diagrams (using the ""daigr.am"" plugin, if possible).
- The report should begin with a succinct executive summary that includes: the total hours currently spent on HR, the overall potential for productivity improvement with AI, a graph showing productivity potential by HR Function, and the top 3 HR Activities with the greatest productivity potential.
- The report should be structured as follows: 1. Analysis of the current situation for each HR Function and Activity; 2. AI potential for each HR Function and Activity; 3. Recommendations for the top 3 priorities; 4. Specific actions to be taken.",,,,,,,,,,,,,,,,,,
zr83h8PHRXKjiov9ESB5YQ,my6VdsqMSt2govE7qBhx0w,RH,Xb.MXcL.SeORmPcvQHeS2g,Formation,o39AOoTXSiOS2YnOvSudyw,Conception de la formation,CONCEPTION DE LA FORMATION,Aider à concevoir des cours de formation sur mesure pour des domaines de compétences et de connaissances spécifiques.,,,CRÉER,Specific skill and knowledge requirements,Training objectives,Learning materials,Delivery methods,Specific skill and knowledge requirements | Training objectives | Learning materials | Delivery methods | ,,,RH,,,Compensation & benefits (C&B), | ,0,0,"3693,4","3693,4",Stratégie RH,3000,Structure organisationnelle,"812,04","812,04",Stratégie RH,600,Structure organisationnelle,,"""Conception de la formation"" in function ""Formation""","Role: You are a data analyst specializing in Human Resources (HR) processes.

Context: You have this .csv file  that contains data on various HR Functions and their corresponding HR Activities. This file provides insights into the time allocation for each HR Function and Activity, and potential productivity gains through the use of Artificial Intelligence (AI).

Task: Your job is to analyze this .csv file and prepare a report. The report should offer recommendations on which HR Functions and Activities should be prioritized for AI transformation.

Report Specifications:
- The report should be concise, not exceeding 600 words.
- It should include text, graphs, and diagrams (using the ""daigr.am"" plugin, if possible).
- The report should begin with a succinct executive summary that includes: the total hours currently spent on HR, the overall potential for productivity improvement with AI, a graph showing productivity potential by HR Function, and the top 3 HR Activities with the greatest productivity potential.
- The report should be structured as follows: 1. Analysis of the current situation for each HR Function and Activity; 2. AI potential for each HR Function and Activity; 3. Recommendations for the top 3 priorities; 4. Specific actions to be taken.",,,,,,,,,,,,,,,,,,
OXJEVR6NQZy3LkHsVn46fQ,my6VdsqMSt2govE7qBhx0w,RH,Xb.MXcL.SeORmPcvQHeS2g,Formation,X9BJPC-PTy6QnwSfwff--Q,Evaluation de la formation,EVALUATION DE LA FORMATION,Proposer des stratégies pour évaluer l'efficacité des programmes de formation.,,,CRÉER,Training effectiveness metrics,Employee performance data,Feedback mechanisms,Industry standards,Training effectiveness metrics | Employee performance data | Feedback mechanisms | Industry standards | ,,,RH,,,Compensation & benefits (C&B), | ,0,0,"3693,4","3693,4",Stratégie RH,3000,Structure organisationnelle,"812,04","812,04",Stratégie RH,600,Structure organisationnelle,,"""Evaluation de la formation"" in function ""Formation""","Role: You are a data analyst specializing in Human Resources (HR) processes.

Context: You have this .csv file  that contains data on various HR Functions and their corresponding HR Activities. This file provides insights into the time allocation for each HR Function and Activity, and potential productivity gains through the use of Artificial Intelligence (AI).

Task: Your job is to analyze this .csv file and prepare a report. The report should offer recommendations on which HR Functions and Activities should be prioritized for AI transformation.

Report Specifications:
- The report should be concise, not exceeding 600 words.
- It should include text, graphs, and diagrams (using the ""daigr.am"" plugin, if possible).
- The report should begin with a succinct executive summary that includes: the total hours currently spent on HR, the overall potential for productivity improvement with AI, a graph showing productivity potential by HR Function, and the top 3 HR Activities with the greatest productivity potential.
- The report should be structured as follows: 1. Analysis of the current situation for each HR Function and Activity; 2. AI potential for each HR Function and Activity; 3. Recommendations for the top 3 priorities; 4. Specific actions to be taken.",,,,,,,,,,,,,,,,,,
UZgNRL98Q-CMmRHAV4yQrg,my6VdsqMSt2govE7qBhx0w,RH,Xb.MXcL.SeORmPcvQHeS2g,Formation,YyVC1pW7QmKJ9SGtl.UPqg,Logiciels et outils,LOGICIELS ET OUTILS,Évaluer les options de logiciels de gestion de la formation.,,,CHERCHER,Current training tools,User requirements,Budget,Technical specifications,Current training tools | User requirements | Budget | Technical specifications | ,,,RH,,,Compensation & benefits (C&B), | ,0,0,"3693,4","3693,4",Stratégie RH,3000,Structure organisationnelle,"812,04","812,04",Stratégie RH,600,Structure organisationnelle,,"""Logiciels et outils"" in function ""Formation""","Role: You are a data analyst specializing in Human Resources (HR) processes.

Context: You have this .csv file  that contains data on various HR Functions and their corresponding HR Activities. This file provides insights into the time allocation for each HR Function and Activity, and potential productivity gains through the use of Artificial Intelligence (AI).

Task: Your job is to analyze this .csv file and prepare a report. The report should offer recommendations on which HR Functions and Activities should be prioritized for AI transformation.

Report Specifications:
- The report should be concise, not exceeding 600 words.
- It should include text, graphs, and diagrams (using the ""daigr.am"" plugin, if possible).
- The report should begin with a succinct executive summary that includes: the total hours currently spent on HR, the overall potential for productivity improvement with AI, a graph showing productivity potential by HR Function, and the top 3 HR Activities with the greatest productivity potential.
- The report should be structured as follows: 1. Analysis of the current situation for each HR Function and Activity; 2. AI potential for each HR Function and Activity; 3. Recommendations for the top 3 priorities; 4. Specific actions to be taken.",,,,,,,,,,,,,,,,,,
nGh4Prz2Qcu.m7zVpAUU0Q,my6VdsqMSt2govE7qBhx0w,RH,Xb.MXcL.SeORmPcvQHeS2g,Formation,YyVC1pW7QmKJ9SGtl.UPqg,Logiciels et outils,LOGICIELS ET OUTILS,Proposer des logiciels et des outils pour gérer et dispenser la formation.,,,CRÉER,Current training tools,User requirements,Budget,Technical specifications,Current training tools | User requirements | Budget | Technical specifications | ,,,RH,,,Compensation & benefits (C&B), | ,0,0,"3693,4","3693,4",Stratégie RH,3000,Structure organisationnelle,"812,04","812,04",Stratégie RH,600,Structure organisationnelle,,"""Logiciels et outils"" in function ""Formation""","Role: You are a data analyst specializing in Human Resources (HR) processes.

Context: You have this .csv file  that contains data on various HR Functions and their corresponding HR Activities. This file provides insights into the time allocation for each HR Function and Activity, and potential productivity gains through the use of Artificial Intelligence (AI).

Task: Your job is to analyze this .csv file and prepare a report. The report should offer recommendations on which HR Functions and Activities should be prioritized for AI transformation.

Report Specifications:
- The report should be concise, not exceeding 600 words.
- It should include text, graphs, and diagrams (using the ""daigr.am"" plugin, if possible).
- The report should begin with a succinct executive summary that includes: the total hours currently spent on HR, the overall potential for productivity improvement with AI, a graph showing productivity potential by HR Function, and the top 3 HR Activities with the greatest productivity potential.
- The report should be structured as follows: 1. Analysis of the current situation for each HR Function and Activity; 2. AI potential for each HR Function and Activity; 3. Recommendations for the top 3 priorities; 4. Specific actions to be taken.",,,,,,,,,,,,,,,,,,
udtp96b3Q-u8HWqa90CZGw,my6VdsqMSt2govE7qBhx0w,RH,4FkWRY6vRsmMPdRTqlrAoA,Communication RH,06dg-OzHQQax8ql9sloglw,"OKRs, KPIs et reporting","OKRS, KPIS ET REPORTING",Générer des OKR et des KPI spécifiques à la communication et aider à la mise en place de rapports.,,,CRÉER,Communication objectives,Current performance metrics,Reporting tools,Industry benchmarks,Communication objectives | Current performance metrics | Reporting tools | Industry benchmarks | ,,,RH,,,Compensation & benefits (C&B), | ,0,0,"3693,4","3693,4",Stratégie RH,3000,Structure organisationnelle,"812,04","812,04",Stratégie RH,600,Structure organisationnelle,,"""OKRs, KPIs et reporting"" in function ""Communication RH""","Role: You are a data analyst specializing in Human Resources (HR) processes.

Context: You have this .csv file  that contains data on various HR Functions and their corresponding HR Activities. This file provides insights into the time allocation for each HR Function and Activity, and potential productivity gains through the use of Artificial Intelligence (AI).

Task: Your job is to analyze this .csv file and prepare a report. The report should offer recommendations on which HR Functions and Activities should be prioritized for AI transformation.

Report Specifications:
- The report should be concise, not exceeding 600 words.
- It should include text, graphs, and diagrams (using the ""daigr.am"" plugin, if possible).
- The report should begin with a succinct executive summary that includes: the total hours currently spent on HR, the overall potential for productivity improvement with AI, a graph showing productivity potential by HR Function, and the top 3 HR Activities with the greatest productivity potential.
- The report should be structured as follows: 1. Analysis of the current situation for each HR Function and Activity; 2. AI potential for each HR Function and Activity; 3. Recommendations for the top 3 priorities; 4. Specific actions to be taken.",,,,,,,,,,,,,,,,,,
3qZpClVuSmGepYW0MwXnSg,my6VdsqMSt2govE7qBhx0w,RH,4FkWRY6vRsmMPdRTqlrAoA,Communication RH,sw.m5jJcR0621Zil3OS1uw,Plan de communication,PLAN DE COMMUNICATION,Contribuer à l'élaboration d'un plan de communication complet avec des messages et des canaux clés.,,,CRÉER,Key messages,Target audience,Communication channels,Timing and frequency,Key messages | Target audience | Communication channels | Timing and frequency | ,,,RH,,,Compensation & benefits (C&B), | ,0,0,"3693,4","3693,4",Stratégie RH,3000,Structure organisationnelle,"812,04","812,04",Stratégie RH,600,Structure organisationnelle,,"""Plan de communication"" in function ""Communication RH""","Role: You are a data analyst specializing in Human Resources (HR) processes.

Context: You have this .csv file  that contains data on various HR Functions and their corresponding HR Activities. This file provides insights into the time allocation for each HR Function and Activity, and potential productivity gains through the use of Artificial Intelligence (AI).

Task: Your job is to analyze this .csv file and prepare a report. The report should offer recommendations on which HR Functions and Activities should be prioritized for AI transformation.

Report Specifications:
- The report should be concise, not exceeding 600 words.
- It should include text, graphs, and diagrams (using the ""daigr.am"" plugin, if possible).
- The report should begin with a succinct executive summary that includes: the total hours currently spent on HR, the overall potential for productivity improvement with AI, a graph showing productivity potential by HR Function, and the top 3 HR Activities with the greatest productivity potential.
- The report should be structured as follows: 1. Analysis of the current situation for each HR Function and Activity; 2. AI potential for each HR Function and Activity; 3. Recommendations for the top 3 priorities; 4. Specific actions to be taken.",,,,,,,,,,,,,,,,,,
lrQ2apZFQH6r0.W57-4GdA,my6VdsqMSt2govE7qBhx0w,RH,4FkWRY6vRsmMPdRTqlrAoA,Communication RH,IXMfeqKaRh6NLmJRuyFRCQ,Matériel de communication,MATÉRIEL DE COMMUNICATION,Contribuer à la création de divers supports de communication tels que des présentations et des vidéos.,,,CRÉER,Company brand and values,Target audience,Message content,Format and design,Company brand and values | Target audience | Message content | Format and design | ,,,RH,,,Compensation & benefits (C&B), | ,0,0,"3693,4","3693,4",Stratégie RH,3000,Structure organisationnelle,"812,04","812,04",Stratégie RH,600,Structure organisationnelle,,"""Matériel de communication"" in function ""Communication RH""","Role: You are a data analyst specializing in Human Resources (HR) processes.

Context: You have this .csv file  that contains data on various HR Functions and their corresponding HR Activities. This file provides insights into the time allocation for each HR Function and Activity, and potential productivity gains through the use of Artificial Intelligence (AI).

Task: Your job is to analyze this .csv file and prepare a report. The report should offer recommendations on which HR Functions and Activities should be prioritized for AI transformation.

Report Specifications:
- The report should be concise, not exceeding 600 words.
- It should include text, graphs, and diagrams (using the ""daigr.am"" plugin, if possible).
- The report should begin with a succinct executive summary that includes: the total hours currently spent on HR, the overall potential for productivity improvement with AI, a graph showing productivity potential by HR Function, and the top 3 HR Activities with the greatest productivity potential.
- The report should be structured as follows: 1. Analysis of the current situation for each HR Function and Activity; 2. AI potential for each HR Function and Activity; 3. Recommendations for the top 3 priorities; 4. Specific actions to be taken.",,,,,,,,,,,,,,,,,,
wzyhgdWRTKC4h3FXrrJGlw,my6VdsqMSt2govE7qBhx0w,RH,4FkWRY6vRsmMPdRTqlrAoA,Communication RH,2gQ6NG2mRvmBgSjdVl5S6Q,Mécanismes de retour d'information,MÉCANISMES DE RETOUR D'INFORMATION,Proposer des plateformes et des stratégies pour recueillir les réactions des employés.,,,CRÉER,Employee feedback channels,Response protocols,Analysis tools,Improvement strategies,Employee feedback channels | Response protocols | Analysis tools | Improvement strategies | ,,,RH,,,Compensation & benefits (C&B), | ,0,0,"3693,4","3693,4",Stratégie RH,3000,Structure organisationnelle,"812,04","812,04",Stratégie RH,600,Structure organisationnelle,,"""Mécanismes de retour d'information"" in function ""Communication RH""","Role: You are a data analyst specializing in Human Resources (HR) processes.

Context: You have this .csv file  that contains data on various HR Functions and their corresponding HR Activities. This file provides insights into the time allocation for each HR Function and Activity, and potential productivity gains through the use of Artificial Intelligence (AI).

Task: Your job is to analyze this .csv file and prepare a report. The report should offer recommendations on which HR Functions and Activities should be prioritized for AI transformation.

Report Specifications:
- The report should be concise, not exceeding 600 words.
- It should include text, graphs, and diagrams (using the ""daigr.am"" plugin, if possible).
- The report should begin with a succinct executive summary that includes: the total hours currently spent on HR, the overall potential for productivity improvement with AI, a graph showing productivity potential by HR Function, and the top 3 HR Activities with the greatest productivity potential.
- The report should be structured as follows: 1. Analysis of the current situation for each HR Function and Activity; 2. AI potential for each HR Function and Activity; 3. Recommendations for the top 3 priorities; 4. Specific actions to be taken.",,,,,,,,,,,,,,,,,,
XVgefYHhR3C0g1Y9xIDuLg,my6VdsqMSt2govE7qBhx0w,RH,4FkWRY6vRsmMPdRTqlrAoA,Communication RH,OaiCdmuKQVSusHsDVhrb5A,Diffusion de l'information,DIFFUSION DE L'INFORMATION,Fournir des conseils sur la diffusion efficace des informations au sein de l'entreprise.,,,CRÉER,Key company information,Target audience,Distribution channels,Timing requirements,Key company information | Target audience | Distribution channels | Timing requirements | ,,,RH,,,Compensation & benefits (C&B), | ,0,0,"3693,4","3693,4",Stratégie RH,3000,Structure organisationnelle,"812,04","812,04",Stratégie RH,600,Structure organisationnelle,,"""Diffusion de l'information"" in function ""Communication RH""","Role: You are a data analyst specializing in Human Resources (HR) processes.

Context: You have this .csv file  that contains data on various HR Functions and their corresponding HR Activities. This file provides insights into the time allocation for each HR Function and Activity, and potential productivity gains through the use of Artificial Intelligence (AI).

Task: Your job is to analyze this .csv file and prepare a report. The report should offer recommendations on which HR Functions and Activities should be prioritized for AI transformation.

Report Specifications:
- The report should be concise, not exceeding 600 words.
- It should include text, graphs, and diagrams (using the ""daigr.am"" plugin, if possible).
- The report should begin with a succinct executive summary that includes: the total hours currently spent on HR, the overall potential for productivity improvement with AI, a graph showing productivity potential by HR Function, and the top 3 HR Activities with the greatest productivity potential.
- The report should be structured as follows: 1. Analysis of the current situation for each HR Function and Activity; 2. AI potential for each HR Function and Activity; 3. Recommendations for the top 3 priorities; 4. Specific actions to be taken.",,,,,,,,,,,,,,,,,,
rxLqlMlpSfGs3ZwkQOWDRg,my6VdsqMSt2govE7qBhx0w,RH,4FkWRY6vRsmMPdRTqlrAoA,Communication RH,YyVC1pW7QmKJ9SGtl.UPqg,Logiciels et outils,LOGICIELS ET OUTILS,Évaluer les options de logiciels de gestion de la communication.,,,CHERCHER,Current communication tools,User requirements,Budget,Technical specifications,Current communication tools | User requirements | Budget | Technical specifications | ,,,RH,,,Compensation & benefits (C&B), | ,0,0,"3693,4","3693,4",Stratégie RH,3000,Structure organisationnelle,"812,04","812,04",Stratégie RH,600,Structure organisationnelle,,"""Logiciels et outils"" in function ""Communication RH""","Role: You are a data analyst specializing in Human Resources (HR) processes.

Context: You have this .csv file  that contains data on various HR Functions and their corresponding HR Activities. This file provides insights into the time allocation for each HR Function and Activity, and potential productivity gains through the use of Artificial Intelligence (AI).

Task: Your job is to analyze this .csv file and prepare a report. The report should offer recommendations on which HR Functions and Activities should be prioritized for AI transformation.

Report Specifications:
- The report should be concise, not exceeding 600 words.
- It should include text, graphs, and diagrams (using the ""daigr.am"" plugin, if possible).
- The report should begin with a succinct executive summary that includes: the total hours currently spent on HR, the overall potential for productivity improvement with AI, a graph showing productivity potential by HR Function, and the top 3 HR Activities with the greatest productivity potential.
- The report should be structured as follows: 1. Analysis of the current situation for each HR Function and Activity; 2. AI potential for each HR Function and Activity; 3. Recommendations for the top 3 priorities; 4. Specific actions to be taken.",,,,,,,,,,,,,,,,,,
LtBGo1uYSBOSANF2taj45g,my6VdsqMSt2govE7qBhx0w,RH,4FkWRY6vRsmMPdRTqlrAoA,Communication RH,YyVC1pW7QmKJ9SGtl.UPqg,Logiciels et outils,LOGICIELS ET OUTILS,Recommander des logiciels et des outils de gestion de la communication.,,,CRÉER,Current communication tools,User requirements,Budget,Technical specifications,Current communication tools | User requirements | Budget | Technical specifications | ,,,RH,,,Compensation & benefits (C&B), | ,0,0,"3693,4","3693,4",Stratégie RH,3000,Structure organisationnelle,"812,04","812,04",Stratégie RH,600,Structure organisationnelle,,"""Logiciels et outils"" in function ""Communication RH""","Role: You are a data analyst specializing in Human Resources (HR) processes.

Context: You have this .csv file  that contains data on various HR Functions and their corresponding HR Activities. This file provides insights into the time allocation for each HR Function and Activity, and potential productivity gains through the use of Artificial Intelligence (AI).

Task: Your job is to analyze this .csv file and prepare a report. The report should offer recommendations on which HR Functions and Activities should be prioritized for AI transformation.

Report Specifications:
- The report should be concise, not exceeding 600 words.
- It should include text, graphs, and diagrams (using the ""daigr.am"" plugin, if possible).
- The report should begin with a succinct executive summary that includes: the total hours currently spent on HR, the overall potential for productivity improvement with AI, a graph showing productivity potential by HR Function, and the top 3 HR Activities with the greatest productivity potential.
- The report should be structured as follows: 1. Analysis of the current situation for each HR Function and Activity; 2. AI potential for each HR Function and Activity; 3. Recommendations for the top 3 priorities; 4. Specific actions to be taken.",,,,,,,,,,,,,,,,,,
gAOevjCCRsOhyiurKq1RNg,my6VdsqMSt2govE7qBhx0w,RH,tU7dohtpQ4yP501NNfnKNg,Relations Sociales,Mqdv3MvvSk2PkVvb-8kBAg,"OKRs, KPIs et rapports","OKRS, KPIS ET RAPPORTS","Aider à définir des OKR et des KPI spécifiques aux relations sociales, et développer des mécanismes de reporting.",,,CRÉER,Social relations objectives,Current performance metrics,Reporting tools,Industry benchmarks,Social relations objectives | Current performance metrics | Reporting tools | Industry benchmarks | ,,,RH,,,Compensation & benefits (C&B), | ,0,0,"3693,4","3693,4",Stratégie RH,3000,Structure organisationnelle,"812,04","812,04",Stratégie RH,600,Structure organisationnelle,,"""OKRs, KPIs et rapports"" in function ""Relations Sociales""","Role: You are a data analyst specializing in Human Resources (HR) processes.

Context: You have this .csv file  that contains data on various HR Functions and their corresponding HR Activities. This file provides insights into the time allocation for each HR Function and Activity, and potential productivity gains through the use of Artificial Intelligence (AI).

Task: Your job is to analyze this .csv file and prepare a report. The report should offer recommendations on which HR Functions and Activities should be prioritized for AI transformation.

Report Specifications:
- The report should be concise, not exceeding 600 words.
- It should include text, graphs, and diagrams (using the ""daigr.am"" plugin, if possible).
- The report should begin with a succinct executive summary that includes: the total hours currently spent on HR, the overall potential for productivity improvement with AI, a graph showing productivity potential by HR Function, and the top 3 HR Activities with the greatest productivity potential.
- The report should be structured as follows: 1. Analysis of the current situation for each HR Function and Activity; 2. AI potential for each HR Function and Activity; 3. Recommendations for the top 3 priorities; 4. Specific actions to be taken.",,,,,,,,,,,,,,,,,,
a.8tFSj5jQ-W4yVQvoNbsOA,my6VdsqMSt2govE7qBhx0w,RH,tU7dohtpQ4yP501NNfnKNg,Relations Sociales,hQOKD0zmRKCmCPxnpQqlwA,Relations avec les syndicats,RELATIONS AVEC LES SYNDICATS,Rechercher les meilleures pratiques en matière de relations syndicales et de stratégies de négociation.,,,CHERCHER,Union profiles,Collective bargaining agreements,Negotiation strategies,Legal requirements,Union profiles | Collective bargaining agreements | Negotiation strategies | Legal requirements | ,,,RH,,,Compensation & benefits (C&B), | ,0,0,"3693,4","3693,4",Stratégie RH,3000,Structure organisationnelle,"812,04","812,04",Stratégie RH,600,Structure organisationnelle,,"""Relations avec les syndicats"" in function ""Relations Sociales""","Role: You are a data analyst specializing in Human Resources (HR) processes.

Context: You have this .csv file  that contains data on various HR Functions and their corresponding HR Activities. This file provides insights into the time allocation for each HR Function and Activity, and potential productivity gains through the use of Artificial Intelligence (AI).

Task: Your job is to analyze this .csv file and prepare a report. The report should offer recommendations on which HR Functions and Activities should be prioritized for AI transformation.

Report Specifications:
- The report should be concise, not exceeding 600 words.
- It should include text, graphs, and diagrams (using the ""daigr.am"" plugin, if possible).
- The report should begin with a succinct executive summary that includes: the total hours currently spent on HR, the overall potential for productivity improvement with AI, a graph showing productivity potential by HR Function, and the top 3 HR Activities with the greatest productivity potential.
- The report should be structured as follows: 1. Analysis of the current situation for each HR Function and Activity; 2. AI potential for each HR Function and Activity; 3. Recommendations for the top 3 priorities; 4. Specific actions to be taken.",,,,,,,,,,,,,,,,,,
8Q.vDG9GS-ONnfTN9rIhtA,my6VdsqMSt2govE7qBhx0w,RH,tU7dohtpQ4yP501NNfnKNg,Relations Sociales,hQOKD0zmRKCmCPxnpQqlwA,Relations avec les syndicats,RELATIONS AVEC LES SYNDICATS,"Fournir des conseils sur la gestion des relations avec les syndicats, y compris les stratégies de négociation.",,,CRÉER,Union profiles,Collective bargaining agreements,Negotiation strategies,Legal requirements,Union profiles | Collective bargaining agreements | Negotiation strategies | Legal requirements | ,,,RH,,,Compensation & benefits (C&B), | ,0,0,"3693,4","3693,4",Stratégie RH,3000,Structure organisationnelle,"812,04","812,04",Stratégie RH,600,Structure organisationnelle,,"""Relations avec les syndicats"" in function ""Relations Sociales""","Role: You are a data analyst specializing in Human Resources (HR) processes.

Context: You have this .csv file  that contains data on various HR Functions and their corresponding HR Activities. This file provides insights into the time allocation for each HR Function and Activity, and potential productivity gains through the use of Artificial Intelligence (AI).

Task: Your job is to analyze this .csv file and prepare a report. The report should offer recommendations on which HR Functions and Activities should be prioritized for AI transformation.

Report Specifications:
- The report should be concise, not exceeding 600 words.
- It should include text, graphs, and diagrams (using the ""daigr.am"" plugin, if possible).
- The report should begin with a succinct executive summary that includes: the total hours currently spent on HR, the overall potential for productivity improvement with AI, a graph showing productivity potential by HR Function, and the top 3 HR Activities with the greatest productivity potential.
- The report should be structured as follows: 1. Analysis of the current situation for each HR Function and Activity; 2. AI potential for each HR Function and Activity; 3. Recommendations for the top 3 priorities; 4. Specific actions to be taken.",,,,,,,,,,,,,,,,,,
9munr4gMTF6jmM-CROWw2A,my6VdsqMSt2govE7qBhx0w,RH,tU7dohtpQ4yP501NNfnKNg,Relations Sociales,6YvpuqgzRgGHDQYkbOBOKg,Comité d'hygiène et de sécurité (CHSCT en France),COMITÉ D'HYGIÈNE ET DE SÉCURITÉ (CHSCT EN FRANCE),"Proposer des stratégies de gestion de la santé, de la sécurité et de la conformité sur le lieu de travail.",,,CRÉER,Workplace safety standards,Risk assessments,Compliance requirements,Employee feedback,Workplace safety standards | Risk assessments | Compliance requirements | Employee feedback | ,,,RH,,,Compensation & benefits (C&B), | ,0,0,"3693,4","3693,4",Stratégie RH,3000,Structure organisationnelle,"812,04","812,04",Stratégie RH,600,Structure organisationnelle,,"""Comité d'hygiène et de sécurité (CHSCT en France)"" in function ""Relations Sociales""","Role: You are a data analyst specializing in Human Resources (HR) processes.

Context: You have this .csv file  that contains data on various HR Functions and their corresponding HR Activities. This file provides insights into the time allocation for each HR Function and Activity, and potential productivity gains through the use of Artificial Intelligence (AI).

Task: Your job is to analyze this .csv file and prepare a report. The report should offer recommendations on which HR Functions and Activities should be prioritized for AI transformation.

Report Specifications:
- The report should be concise, not exceeding 600 words.
- It should include text, graphs, and diagrams (using the ""daigr.am"" plugin, if possible).
- The report should begin with a succinct executive summary that includes: the total hours currently spent on HR, the overall potential for productivity improvement with AI, a graph showing productivity potential by HR Function, and the top 3 HR Activities with the greatest productivity potential.
- The report should be structured as follows: 1. Analysis of the current situation for each HR Function and Activity; 2. AI potential for each HR Function and Activity; 3. Recommendations for the top 3 priorities; 4. Specific actions to be taken.",,,,,,,,,,,,,,,,,,
T8.2hKFgSi-uYXWhbtfBfA,my6VdsqMSt2govE7qBhx0w,RH,tU7dohtpQ4yP501NNfnKNg,Relations Sociales,j6m.77c7RUCgon99LzbPPA,Comité d'entreprise (CE),COMITÉ D'ENTREPRISE (CE),Aider à collaborer avec les comités d'entreprise dans le cadre de discussions et de négociations sur les politiques.,,,CRÉER,Employee rights and benefits,Organizational policies,Negotiation strategies,Legal requirements,Employee rights and benefits | Organizational policies | Negotiation strategies | Legal requirements | ,,,RH,,,Compensation & benefits (C&B), | ,0,0,"3693,4","3693,4",Stratégie RH,3000,Structure organisationnelle,"812,04","812,04",Stratégie RH,600,Structure organisationnelle,,"""Comité d'entreprise (CE)"" in function ""Relations Sociales""","Role: You are a data analyst specializing in Human Resources (HR) processes.

Context: You have this .csv file  that contains data on various HR Functions and their corresponding HR Activities. This file provides insights into the time allocation for each HR Function and Activity, and potential productivity gains through the use of Artificial Intelligence (AI).

Task: Your job is to analyze this .csv file and prepare a report. The report should offer recommendations on which HR Functions and Activities should be prioritized for AI transformation.

Report Specifications:
- The report should be concise, not exceeding 600 words.
- It should include text, graphs, and diagrams (using the ""daigr.am"" plugin, if possible).
- The report should begin with a succinct executive summary that includes: the total hours currently spent on HR, the overall potential for productivity improvement with AI, a graph showing productivity potential by HR Function, and the top 3 HR Activities with the greatest productivity potential.
- The report should be structured as follows: 1. Analysis of the current situation for each HR Function and Activity; 2. AI potential for each HR Function and Activity; 3. Recommendations for the top 3 priorities; 4. Specific actions to be taken.",,,,,,,,,,,,,,,,,,
8rwbQtysSyi5pJmKBFKdIw,my6VdsqMSt2govE7qBhx0w,RH,tU7dohtpQ4yP501NNfnKNg,Relations Sociales,A3Z3CFlFSNuGQZcqP1gkPA,Représentation des salariés,REPRÉSENTATION DES SALARIÉS,Fournir des conseils pour faciliter la représentation des salariés dans la prise de décision.,,,CRÉER,Employee profiles,Representation mechanisms,Decision-making processes,Feedback channels,Employee profiles | Representation mechanisms | Decision-making processes | Feedback channels | ,,,RH,,,Compensation & benefits (C&B), | ,0,0,"3693,4","3693,4",Stratégie RH,3000,Structure organisationnelle,"812,04","812,04",Stratégie RH,600,Structure organisationnelle,,"""Représentation des salariés"" in function ""Relations Sociales""","Role: You are a data analyst specializing in Human Resources (HR) processes.

Context: You have this .csv file  that contains data on various HR Functions and their corresponding HR Activities. This file provides insights into the time allocation for each HR Function and Activity, and potential productivity gains through the use of Artificial Intelligence (AI).

Task: Your job is to analyze this .csv file and prepare a report. The report should offer recommendations on which HR Functions and Activities should be prioritized for AI transformation.

Report Specifications:
- The report should be concise, not exceeding 600 words.
- It should include text, graphs, and diagrams (using the ""daigr.am"" plugin, if possible).
- The report should begin with a succinct executive summary that includes: the total hours currently spent on HR, the overall potential for productivity improvement with AI, a graph showing productivity potential by HR Function, and the top 3 HR Activities with the greatest productivity potential.
- The report should be structured as follows: 1. Analysis of the current situation for each HR Function and Activity; 2. AI potential for each HR Function and Activity; 3. Recommendations for the top 3 priorities; 4. Specific actions to be taken.",,,,,,,,,,,,,,,,,,
Q8.HRB34SFueXlEk4xYOkg,my6VdsqMSt2govE7qBhx0w,RH,tU7dohtpQ4yP501NNfnKNg,Relations Sociales,WMTYOdtkSAaMW5Lnus3ZMg,Conformité juridique,CONFORMITÉ JURIDIQUE,Trouver des mises à jour sur la législation et la réglementation du travail.,,,CHERCHER,Labor laws and regulations,Company policies,Audit reports,Regulatory updates,Labor laws and regulations | Company policies | Audit reports | Regulatory updates | ,,,RH,,,Compensation & benefits (C&B), | ,0,0,"3693,4","3693,4",Stratégie RH,3000,Structure organisationnelle,"812,04","812,04",Stratégie RH,600,Structure organisationnelle,,"""Conformité juridique"" in function ""Relations Sociales""","Role: You are a data analyst specializing in Human Resources (HR) processes.

Context: You have this .csv file  that contains data on various HR Functions and their corresponding HR Activities. This file provides insights into the time allocation for each HR Function and Activity, and potential productivity gains through the use of Artificial Intelligence (AI).

Task: Your job is to analyze this .csv file and prepare a report. The report should offer recommendations on which HR Functions and Activities should be prioritized for AI transformation.

Report Specifications:
- The report should be concise, not exceeding 600 words.
- It should include text, graphs, and diagrams (using the ""daigr.am"" plugin, if possible).
- The report should begin with a succinct executive summary that includes: the total hours currently spent on HR, the overall potential for productivity improvement with AI, a graph showing productivity potential by HR Function, and the top 3 HR Activities with the greatest productivity potential.
- The report should be structured as follows: 1. Analysis of the current situation for each HR Function and Activity; 2. AI potential for each HR Function and Activity; 3. Recommendations for the top 3 priorities; 4. Specific actions to be taken.",,,,,,,,,,,,,,,,,,
gf09zwgbSgSNYfOwqiXMAA,my6VdsqMSt2govE7qBhx0w,RH,tU7dohtpQ4yP501NNfnKNg,Relations Sociales,WMTYOdtkSAaMW5Lnus3ZMg,Conformité juridique,CONFORMITÉ JURIDIQUE,Offrir des conseils pour garantir le respect de la législation et de la réglementation du travail.,,,CRÉER,Labor laws and regulations,Company policies,Audit reports,Regulatory updates,Labor laws and regulations | Company policies | Audit reports | Regulatory updates | ,,,RH,,,Compensation & benefits (C&B), | ,0,0,"3693,4","3693,4",Stratégie RH,3000,Structure organisationnelle,"812,04","812,04",Stratégie RH,600,Structure organisationnelle,,"""Conformité juridique"" in function ""Relations Sociales""","Role: You are a data analyst specializing in Human Resources (HR) processes.

Context: You have this .csv file  that contains data on various HR Functions and their corresponding HR Activities. This file provides insights into the time allocation for each HR Function and Activity, and potential productivity gains through the use of Artificial Intelligence (AI).

Task: Your job is to analyze this .csv file and prepare a report. The report should offer recommendations on which HR Functions and Activities should be prioritized for AI transformation.

Report Specifications:
- The report should be concise, not exceeding 600 words.
- It should include text, graphs, and diagrams (using the ""daigr.am"" plugin, if possible).
- The report should begin with a succinct executive summary that includes: the total hours currently spent on HR, the overall potential for productivity improvement with AI, a graph showing productivity potential by HR Function, and the top 3 HR Activities with the greatest productivity potential.
- The report should be structured as follows: 1. Analysis of the current situation for each HR Function and Activity; 2. AI potential for each HR Function and Activity; 3. Recommendations for the top 3 priorities; 4. Specific actions to be taken.",,,,,,,,,,,,,,,,,,
3LHKqITdS.awTwjBMXK98g,my6VdsqMSt2govE7qBhx0w,RH,tU7dohtpQ4yP501NNfnKNg,Relations Sociales,YyVC1pW7QmKJ9SGtl.UPqg,Logiciels et outils,LOGICIELS ET OUTILS,Trouver des logiciels pour gérer les activités de relations sociales.,,,CHERCHER,Current social relations tools,User requirements,Budget,Technical specifications,Current social relations tools | User requirements | Budget | Technical specifications | ,,,RH,,,Compensation & benefits (C&B), | ,0,0,"3693,4","3693,4",Stratégie RH,3000,Structure organisationnelle,"812,04","812,04",Stratégie RH,600,Structure organisationnelle,,"""Logiciels et outils"" in function ""Relations Sociales""","Role: You are a data analyst specializing in Human Resources (HR) processes.

Context: You have this .csv file  that contains data on various HR Functions and their corresponding HR Activities. This file provides insights into the time allocation for each HR Function and Activity, and potential productivity gains through the use of Artificial Intelligence (AI).

Task: Your job is to analyze this .csv file and prepare a report. The report should offer recommendations on which HR Functions and Activities should be prioritized for AI transformation.

Report Specifications:
- The report should be concise, not exceeding 600 words.
- It should include text, graphs, and diagrams (using the ""daigr.am"" plugin, if possible).
- The report should begin with a succinct executive summary that includes: the total hours currently spent on HR, the overall potential for productivity improvement with AI, a graph showing productivity potential by HR Function, and the top 3 HR Activities with the greatest productivity potential.
- The report should be structured as follows: 1. Analysis of the current situation for each HR Function and Activity; 2. AI potential for each HR Function and Activity; 3. Recommendations for the top 3 priorities; 4. Specific actions to be taken.",,,,,,,,,,,,,,,,,,
dnYj3EXHSquzGD1BYUW18A,my6VdsqMSt2govE7qBhx0w,RH,tU7dohtpQ4yP501NNfnKNg,Relations Sociales,YyVC1pW7QmKJ9SGtl.UPqg,Logiciels et outils,LOGICIELS ET OUTILS,Proposer des logiciels et des outils pour gérer les activités de relations sociales.,,,CRÉER,Current social relations tools,User requirements,Budget,Technical specifications,Current social relations tools | User requirements | Budget | Technical specifications | ,,,RH,,,Compensation & benefits (C&B), | ,0,0,"3693,4","3693,4",Stratégie RH,3000,Structure organisationnelle,"812,04","812,04",Stratégie RH,600,Structure organisationnelle,,"""Logiciels et outils"" in function ""Relations Sociales""","Role: You are a data analyst specializing in Human Resources (HR) processes.

Context: You have this .csv file  that contains data on various HR Functions and their corresponding HR Activities. This file provides insights into the time allocation for each HR Function and Activity, and potential productivity gains through the use of Artificial Intelligence (AI).

Task: Your job is to analyze this .csv file and prepare a report. The report should offer recommendations on which HR Functions and Activities should be prioritized for AI transformation.

Report Specifications:
- The report should be concise, not exceeding 600 words.
- It should include text, graphs, and diagrams (using the ""daigr.am"" plugin, if possible).
- The report should begin with a succinct executive summary that includes: the total hours currently spent on HR, the overall potential for productivity improvement with AI, a graph showing productivity potential by HR Function, and the top 3 HR Activities with the greatest productivity potential.
- The report should be structured as follows: 1. Analysis of the current situation for each HR Function and Activity; 2. AI potential for each HR Function and Activity; 3. Recommendations for the top 3 priorities; 4. Specific actions to be taken.",,,,,,,,,,,,,,,,,,
sfwD.kpIRq6oh.NTt1JGWg,my6VdsqMSt2govE7qBhx0w,RH,kVF1.pVTQpKvHy5Alb3O-w,Processus et Outils RH,u46ZuJPyQO-pXb7Qq2zWnQ,"OKRs, KPIs et reporting","OKRS, KPIS ET REPORTING",Générer des OKR et des KPI spécifiques aux processus RH et aux SI et aider à la mise en place de rapports.,,,CRÉER,Process and IS objectives,Current performance metrics,Reporting tools,Industry benchmarks,Process and IS objectives | Current performance metrics | Reporting tools | Industry benchmarks | ,,,RH,,,Compensation & benefits (C&B), | ,0,0,"3693,4","3693,4",Stratégie RH,3000,Structure organisationnelle,"812,04","812,04",Stratégie RH,600,Structure organisationnelle,,"""OKRs, KPIs et reporting"" in function ""Processus et Outils RH""","Role: You are a data analyst specializing in Human Resources (HR) processes.

Context: You have this .csv file  that contains data on various HR Functions and their corresponding HR Activities. This file provides insights into the time allocation for each HR Function and Activity, and potential productivity gains through the use of Artificial Intelligence (AI).

Task: Your job is to analyze this .csv file and prepare a report. The report should offer recommendations on which HR Functions and Activities should be prioritized for AI transformation.

Report Specifications:
- The report should be concise, not exceeding 600 words.
- It should include text, graphs, and diagrams (using the ""daigr.am"" plugin, if possible).
- The report should begin with a succinct executive summary that includes: the total hours currently spent on HR, the overall potential for productivity improvement with AI, a graph showing productivity potential by HR Function, and the top 3 HR Activities with the greatest productivity potential.
- The report should be structured as follows: 1. Analysis of the current situation for each HR Function and Activity; 2. AI potential for each HR Function and Activity; 3. Recommendations for the top 3 priorities; 4. Specific actions to be taken.",,,,,,,,,,,,,,,,,,
pkk2oAdRS2eKQEUjy9mMTg,my6VdsqMSt2govE7qBhx0w,RH,kVF1.pVTQpKvHy5Alb3O-w,Processus et Outils RH,fS2DdRtTSVK2JlDEa40MYg,Optimisation des processus,OPTIMISATION DES PROCESSUS,Proposer des suggestions pour optimiser les processus et les outils RH.,,,CRÉER,Current HR processes,Improvement opportunities,Efficiency metrics,Employee feedback,Current HR processes | Improvement opportunities | Efficiency metrics | Employee feedback | ,,,RH,,,Compensation & benefits (C&B), | ,0,0,"3693,4","3693,4",Stratégie RH,3000,Structure organisationnelle,"812,04","812,04",Stratégie RH,600,Structure organisationnelle,,"""Optimisation des processus"" in function ""Processus et Outils RH""","Role: You are a data analyst specializing in Human Resources (HR) processes.

Context: You have this .csv file  that contains data on various HR Functions and their corresponding HR Activities. This file provides insights into the time allocation for each HR Function and Activity, and potential productivity gains through the use of Artificial Intelligence (AI).

Task: Your job is to analyze this .csv file and prepare a report. The report should offer recommendations on which HR Functions and Activities should be prioritized for AI transformation.

Report Specifications:
- The report should be concise, not exceeding 600 words.
- It should include text, graphs, and diagrams (using the ""daigr.am"" plugin, if possible).
- The report should begin with a succinct executive summary that includes: the total hours currently spent on HR, the overall potential for productivity improvement with AI, a graph showing productivity potential by HR Function, and the top 3 HR Activities with the greatest productivity potential.
- The report should be structured as follows: 1. Analysis of the current situation for each HR Function and Activity; 2. AI potential for each HR Function and Activity; 3. Recommendations for the top 3 priorities; 4. Specific actions to be taken.",,,,,,,,,,,,,,,,,,
41xkSuyKSqSA8Nqcsh9aAQ,my6VdsqMSt2govE7qBhx0w,RH,kVF1.pVTQpKvHy5Alb3O-w,Processus et Outils RH,4WXDi63sS92horqr7rd0dA,Mise en œuvre du système d'information (projet),MISE EN ŒUVRE DU SYSTÈME D'INFORMATION (PROJET),Offrir des conseils sur les projets de mise en œuvre des systèmes d'information RH.,,,CRÉER,Project scope,HRIS provider options,Customization needs,Integration requirements,Project scope | HRIS provider options | Customization needs | Integration requirements | ,,,RH,,,Compensation & benefits (C&B), | ,0,0,"3693,4","3693,4",Stratégie RH,3000,Structure organisationnelle,"812,04","812,04",Stratégie RH,600,Structure organisationnelle,,"""Mise en œuvre du système d'information (projet)"" in function ""Processus et Outils RH""","Role: You are a data analyst specializing in Human Resources (HR) processes.

Context: You have this .csv file  that contains data on various HR Functions and their corresponding HR Activities. This file provides insights into the time allocation for each HR Function and Activity, and potential productivity gains through the use of Artificial Intelligence (AI).

Task: Your job is to analyze this .csv file and prepare a report. The report should offer recommendations on which HR Functions and Activities should be prioritized for AI transformation.

Report Specifications:
- The report should be concise, not exceeding 600 words.
- It should include text, graphs, and diagrams (using the ""daigr.am"" plugin, if possible).
- The report should begin with a succinct executive summary that includes: the total hours currently spent on HR, the overall potential for productivity improvement with AI, a graph showing productivity potential by HR Function, and the top 3 HR Activities with the greatest productivity potential.
- The report should be structured as follows: 1. Analysis of the current situation for each HR Function and Activity; 2. AI potential for each HR Function and Activity; 3. Recommendations for the top 3 priorities; 4. Specific actions to be taken.",,,,,,,,,,,,,,,,,,
vFwfUthjSUSYjqoR3QzkfQ,my6VdsqMSt2govE7qBhx0w,RH,kVF1.pVTQpKvHy5Alb3O-w,Processus et Outils RH,a-UbanA4wTLu8GJal34BJ6Q,Relations avec les fournisseurs externes,RELATIONS AVEC LES FOURNISSEURS EXTERNES,Fournir des stratégies pour gérer les relations avec les fournisseurs de services RH externes.,,,CRÉER,Vendor profiles,Service Level Agreements,Contract terms,Performance metrics,Vendor profiles | Service Level Agreements | Contract terms | Performance metrics | ,,,RH,,,Compensation & benefits (C&B), | ,0,0,"3693,4","3693,4",Stratégie RH,3000,Structure organisationnelle,"812,04","812,04",Stratégie RH,600,Structure organisationnelle,,"""Relations avec les fournisseurs externes"" in function ""Processus et Outils RH""","Role: You are a data analyst specializing in Human Resources (HR) processes.

Context: You have this .csv file  that contains data on various HR Functions and their corresponding HR Activities. This file provides insights into the time allocation for each HR Function and Activity, and potential productivity gains through the use of Artificial Intelligence (AI).

Task: Your job is to analyze this .csv file and prepare a report. The report should offer recommendations on which HR Functions and Activities should be prioritized for AI transformation.

Report Specifications:
- The report should be concise, not exceeding 600 words.
- It should include text, graphs, and diagrams (using the ""daigr.am"" plugin, if possible).
- The report should begin with a succinct executive summary that includes: the total hours currently spent on HR, the overall potential for productivity improvement with AI, a graph showing productivity potential by HR Function, and the top 3 HR Activities with the greatest productivity potential.
- The report should be structured as follows: 1. Analysis of the current situation for each HR Function and Activity; 2. AI potential for each HR Function and Activity; 3. Recommendations for the top 3 priorities; 4. Specific actions to be taken.",,,,,,,,,,,,,,,,,,
iyp.ZGo7SOylKjMolZT8-A,my6VdsqMSt2govE7qBhx0w,RH,kVF1.pVTQpKvHy5Alb3O-w,Processus et Outils RH,sl4sOM7hQriCEqi2K8v1Yg,Gestion des données,GESTION DES DONNÉES,Contribuer à la mise en place de pratiques de gestion des données en vue d'en assurer l'exactitude et la sécurité.,,,CRÉER,Data types and sources,Security protocols,Compliance requirements,Storage and retrieval processes,Data types and sources | Security protocols | Compliance requirements | Storage and retrieval processes | ,,,RH,,,Compensation & benefits (C&B), | ,0,0,"3693,4","3693,4",Stratégie RH,3000,Structure organisationnelle,"812,04","812,04",Stratégie RH,600,Structure organisationnelle,,"""Gestion des données"" in function ""Processus et Outils RH""","Role: You are a data analyst specializing in Human Resources (HR) processes.

Context: You have this .csv file  that contains data on various HR Functions and their corresponding HR Activities. This file provides insights into the time allocation for each HR Function and Activity, and potential productivity gains through the use of Artificial Intelligence (AI).

Task: Your job is to analyze this .csv file and prepare a report. The report should offer recommendations on which HR Functions and Activities should be prioritized for AI transformation.

Report Specifications:
- The report should be concise, not exceeding 600 words.
- It should include text, graphs, and diagrams (using the ""daigr.am"" plugin, if possible).
- The report should begin with a succinct executive summary that includes: the total hours currently spent on HR, the overall potential for productivity improvement with AI, a graph showing productivity potential by HR Function, and the top 3 HR Activities with the greatest productivity potential.
- The report should be structured as follows: 1. Analysis of the current situation for each HR Function and Activity; 2. AI potential for each HR Function and Activity; 3. Recommendations for the top 3 priorities; 4. Specific actions to be taken.",,,,,,,,,,,,,,,,,,
2HIfVqJsRdumF0QBls-oOw,my6VdsqMSt2govE7qBhx0w,RH,kVF1.pVTQpKvHy5Alb3O-w,Processus et Outils RH,YyVC1pW7QmKJ9SGtl.UPqg,Logiciels et outils,LOGICIELS ET OUTILS,Évaluer les options logicielles en matière de processus RH et de systèmes d'information.,,,CHERCHER,Current HRIS capabilities,User requirements,Budget,Technical specifications,Current HRIS capabilities | User requirements | Budget | Technical specifications | ,,,RH,,,Compensation & benefits (C&B), | ,0,0,"3693,4","3693,4",Stratégie RH,3000,Structure organisationnelle,"812,04","812,04",Stratégie RH,600,Structure organisationnelle,,"""Logiciels et outils"" in function ""Processus et Outils RH""","Role: You are a data analyst specializing in Human Resources (HR) processes.

Context: You have this .csv file  that contains data on various HR Functions and their corresponding HR Activities. This file provides insights into the time allocation for each HR Function and Activity, and potential productivity gains through the use of Artificial Intelligence (AI).

Task: Your job is to analyze this .csv file and prepare a report. The report should offer recommendations on which HR Functions and Activities should be prioritized for AI transformation.

Report Specifications:
- The report should be concise, not exceeding 600 words.
- It should include text, graphs, and diagrams (using the ""daigr.am"" plugin, if possible).
- The report should begin with a succinct executive summary that includes: the total hours currently spent on HR, the overall potential for productivity improvement with AI, a graph showing productivity potential by HR Function, and the top 3 HR Activities with the greatest productivity potential.
- The report should be structured as follows: 1. Analysis of the current situation for each HR Function and Activity; 2. AI potential for each HR Function and Activity; 3. Recommendations for the top 3 priorities; 4. Specific actions to be taken.",,,,,,,,,,,,,,,,,,
sLzzlIVCS5e5D0T0o5CVsA,my6VdsqMSt2govE7qBhx0w,RH,kVF1.pVTQpKvHy5Alb3O-w,Processus et Outils RH,YyVC1pW7QmKJ9SGtl.UPqg,Logiciels et outils,LOGICIELS ET OUTILS,Recommander des logiciels et des outils pour la gestion des processus RH et des systèmes d'information.,,,CRÉER,Current HRIS capabilities,User requirements,Budget,Technical specifications,Current HRIS capabilities | User requirements | Budget | Technical specifications | ,,,RH,,,Compensation & benefits (C&B), | ,0,0,"3693,4","3693,4",Stratégie RH,3000,Structure organisationnelle,"812,04","812,04",Stratégie RH,600,Structure organisationnelle,,"""Logiciels et outils"" in function ""Processus et Outils RH""","Role: You are a data analyst specializing in Human Resources (HR) processes.

Context: You have this .csv file  that contains data on various HR Functions and their corresponding HR Activities. This file provides insights into the time allocation for each HR Function and Activity, and potential productivity gains through the use of Artificial Intelligence (AI).

Task: Your job is to analyze this .csv file and prepare a report. The report should offer recommendations on which HR Functions and Activities should be prioritized for AI transformation.

Report Specifications:
- The report should be concise, not exceeding 600 words.
- It should include text, graphs, and diagrams (using the ""daigr.am"" plugin, if possible).
- The report should begin with a succinct executive summary that includes: the total hours currently spent on HR, the overall potential for productivity improvement with AI, a graph showing productivity potential by HR Function, and the top 3 HR Activities with the greatest productivity potential.
- The report should be structured as follows: 1. Analysis of the current situation for each HR Function and Activity; 2. AI potential for each HR Function and Activity; 3. Recommendations for the top 3 priorities; 4. Specific actions to be taken.",,,,,,,,,,,,,,,,,,
w1KwkHbHQhCxZucLoftY2A,my6VdsqMSt2govE7qBhx0w,RH,bWbuzcfJR2y2f-5yUIw1ew,"Relations Employés (""HR BP"")",u3.1cKJiRxmcQZcOHrgoDA,"OKRs, KPIs et reporting","OKRS, KPIS ET REPORTING",Générer des OKR et des KPI spécifiques aux relations avec les employés et contribuer à la mise en place de rapports.,,,CRÉER,Employee relations objectives,Current performance metrics,Reporting tools,Industry benchmarks,Employee relations objectives | Current performance metrics | Reporting tools | Industry benchmarks | ,,,RH,,,Compensation & benefits (C&B), | ,0,0,"3693,4","3693,4",Stratégie RH,3000,Structure organisationnelle,"812,04","812,04",Stratégie RH,600,Structure organisationnelle,,"""OKRs, KPIs et reporting"" in function ""Relations Employés (""HR BP"")""","Role: You are a data analyst specializing in Human Resources (HR) processes.

Context: You have this .csv file  that contains data on various HR Functions and their corresponding HR Activities. This file provides insights into the time allocation for each HR Function and Activity, and potential productivity gains through the use of Artificial Intelligence (AI).

Task: Your job is to analyze this .csv file and prepare a report. The report should offer recommendations on which HR Functions and Activities should be prioritized for AI transformation.

Report Specifications:
- The report should be concise, not exceeding 600 words.
- It should include text, graphs, and diagrams (using the ""daigr.am"" plugin, if possible).
- The report should begin with a succinct executive summary that includes: the total hours currently spent on HR, the overall potential for productivity improvement with AI, a graph showing productivity potential by HR Function, and the top 3 HR Activities with the greatest productivity potential.
- The report should be structured as follows: 1. Analysis of the current situation for each HR Function and Activity; 2. AI potential for each HR Function and Activity; 3. Recommendations for the top 3 priorities; 4. Specific actions to be taken.",,,,,,,,,,,,,,,,,,
W.lihh.nQ3uaY.yn6Q13-A,my6VdsqMSt2govE7qBhx0w,RH,bWbuzcfJR2y2f-5yUIw1ew,"Relations Employés (""HR BP"")",KW1mabx4TDCoHLzk2psmXA,Déploiement de politiques,DÉPLOIEMENT DE POLITIQUES,Fournir des conseils sur la mise en œuvre cohérente des politiques dans l'ensemble de l'organisation.,,,CRÉER,Company policies,Departmental needs,Implementation strategies,Compliance requirements,Company policies | Departmental needs | Implementation strategies | Compliance requirements | ,,,RH,,,Compensation & benefits (C&B), | ,0,0,"3693,4","3693,4",Stratégie RH,3000,Structure organisationnelle,"812,04","812,04",Stratégie RH,600,Structure organisationnelle,,"""Déploiement de politiques"" in function ""Relations Employés (""HR BP"")""","Role: You are a data analyst specializing in Human Resources (HR) processes.

Context: You have this .csv file  that contains data on various HR Functions and their corresponding HR Activities. This file provides insights into the time allocation for each HR Function and Activity, and potential productivity gains through the use of Artificial Intelligence (AI).

Task: Your job is to analyze this .csv file and prepare a report. The report should offer recommendations on which HR Functions and Activities should be prioritized for AI transformation.

Report Specifications:
- The report should be concise, not exceeding 600 words.
- It should include text, graphs, and diagrams (using the ""daigr.am"" plugin, if possible).
- The report should begin with a succinct executive summary that includes: the total hours currently spent on HR, the overall potential for productivity improvement with AI, a graph showing productivity potential by HR Function, and the top 3 HR Activities with the greatest productivity potential.
- The report should be structured as follows: 1. Analysis of the current situation for each HR Function and Activity; 2. AI potential for each HR Function and Activity; 3. Recommendations for the top 3 priorities; 4. Specific actions to be taken.",,,,,,,,,,,,,,,,,,
AbLF4-a8SaG4GkhRN53unw,my6VdsqMSt2govE7qBhx0w,RH,bWbuzcfJR2y2f-5yUIw1ew,"Relations Employés (""HR BP"")",wbDl00VQQPq5jonVsj0OsQ,Déploiement de la formation,DÉPLOIEMENT DE LA FORMATION,Aider à coordonner l'exécution et la logistique de la stratégie de formation.,,,CRÉER,Training needs,Coordination strategies,Logistics,Evaluation criteria,Training needs | Coordination strategies | Logistics | Evaluation criteria | ,,,RH,,,Compensation & benefits (C&B), | ,0,0,"3693,4","3693,4",Stratégie RH,3000,Structure organisationnelle,"812,04","812,04",Stratégie RH,600,Structure organisationnelle,,"""Déploiement de la formation"" in function ""Relations Employés (""HR BP"")""","Role: You are a data analyst specializing in Human Resources (HR) processes.

Context: You have this .csv file  that contains data on various HR Functions and their corresponding HR Activities. This file provides insights into the time allocation for each HR Function and Activity, and potential productivity gains through the use of Artificial Intelligence (AI).

Task: Your job is to analyze this .csv file and prepare a report. The report should offer recommendations on which HR Functions and Activities should be prioritized for AI transformation.

Report Specifications:
- The report should be concise, not exceeding 600 words.
- It should include text, graphs, and diagrams (using the ""daigr.am"" plugin, if possible).
- The report should begin with a succinct executive summary that includes: the total hours currently spent on HR, the overall potential for productivity improvement with AI, a graph showing productivity potential by HR Function, and the top 3 HR Activities with the greatest productivity potential.
- The report should be structured as follows: 1. Analysis of the current situation for each HR Function and Activity; 2. AI potential for each HR Function and Activity; 3. Recommendations for the top 3 priorities; 4. Specific actions to be taken.",,,,,,,,,,,,,,,,,,
L8ZW4TaiRua1HaIdwAj8jQ,my6VdsqMSt2govE7qBhx0w,RH,bWbuzcfJR2y2f-5yUIw1ew,"Relations Employés (""HR BP"")",DefFgxXLTp6.KdyOiWYsOQ,Déploiement de la communication,DÉPLOIEMENT DE LA COMMUNICATION,Contribuer à relayer la communication et à organiser des activités d'engagement des salariés.,,,CRÉER,Key messages,Target audience,Distribution channels,Timing and frequency,Key messages | Target audience | Distribution channels | Timing and frequency | ,,,RH,,,Compensation & benefits (C&B), | ,0,0,"3693,4","3693,4",Stratégie RH,3000,Structure organisationnelle,"812,04","812,04",Stratégie RH,600,Structure organisationnelle,,"""Déploiement de la communication"" in function ""Relations Employés (""HR BP"")""","Role: You are a data analyst specializing in Human Resources (HR) processes.

Context: You have this .csv file  that contains data on various HR Functions and their corresponding HR Activities. This file provides insights into the time allocation for each HR Function and Activity, and potential productivity gains through the use of Artificial Intelligence (AI).

Task: Your job is to analyze this .csv file and prepare a report. The report should offer recommendations on which HR Functions and Activities should be prioritized for AI transformation.

Report Specifications:
- The report should be concise, not exceeding 600 words.
- It should include text, graphs, and diagrams (using the ""daigr.am"" plugin, if possible).
- The report should begin with a succinct executive summary that includes: the total hours currently spent on HR, the overall potential for productivity improvement with AI, a graph showing productivity potential by HR Function, and the top 3 HR Activities with the greatest productivity potential.
- The report should be structured as follows: 1. Analysis of the current situation for each HR Function and Activity; 2. AI potential for each HR Function and Activity; 3. Recommendations for the top 3 priorities; 4. Specific actions to be taken.",,,,,,,,,,,,,,,,,,
KrKAA5fxRdiYXxz81fPVwA,my6VdsqMSt2govE7qBhx0w,RH,bWbuzcfJR2y2f-5yUIw1ew,"Relations Employés (""HR BP"")",IQPLjnyKT.uzXVwOwLVX6A,Déploiement de la stratégie de diversité et d'inclusion,DÉPLOIEMENT DE LA STRATÉGIE DE DIVERSITÉ ET D'INCLUSION,Proposer des approches pour la mise en œuvre d'initiatives en matière de diversité et d'inclusion.,,,CRÉER,D&I objectives,Local initiatives,ERG alignment,Measurement tools,D&I objectives | Local initiatives | ERG alignment | Measurement tools | ,,,RH,,,Compensation & benefits (C&B), | ,0,0,"3693,4","3693,4",Stratégie RH,3000,Structure organisationnelle,"812,04","812,04",Stratégie RH,600,Structure organisationnelle,,"""Déploiement de la stratégie de diversité et d'inclusion"" in function ""Relations Employés (""HR BP"")""","Role: You are a data analyst specializing in Human Resources (HR) processes.

Context: You have this .csv file  that contains data on various HR Functions and their corresponding HR Activities. This file provides insights into the time allocation for each HR Function and Activity, and potential productivity gains through the use of Artificial Intelligence (AI).

Task: Your job is to analyze this .csv file and prepare a report. The report should offer recommendations on which HR Functions and Activities should be prioritized for AI transformation.

Report Specifications:
- The report should be concise, not exceeding 600 words.
- It should include text, graphs, and diagrams (using the ""daigr.am"" plugin, if possible).
- The report should begin with a succinct executive summary that includes: the total hours currently spent on HR, the overall potential for productivity improvement with AI, a graph showing productivity potential by HR Function, and the top 3 HR Activities with the greatest productivity potential.
- The report should be structured as follows: 1. Analysis of the current situation for each HR Function and Activity; 2. AI potential for each HR Function and Activity; 3. Recommendations for the top 3 priorities; 4. Specific actions to be taken.",,,,,,,,,,,,,,,,,,
Vq.-.-pNQ9m87oMq4.g3rw,my6VdsqMSt2govE7qBhx0w,RH,bWbuzcfJR2y2f-5yUIw1ew,"Relations Employés (""HR BP"")",avf.jvEhSYSFnxKLnd7-og,Relations avec les employés et conflits,RELATIONS AVEC LES EMPLOYÉS ET CONFLITS,Fournir des stratégies pour cultiver une culture positive et inclusive sur le lieu de travail.,,,CRÉER,Company culture,Engagement strategies,Recognition programs,Feedback mechanisms,Company culture | Engagement strategies | Recognition programs | Feedback mechanisms | ,,,RH,,,Compensation & benefits (C&B), | ,0,0,"3693,4","3693,4",Stratégie RH,3000,Structure organisationnelle,"812,04","812,04",Stratégie RH,600,Structure organisationnelle,,"""Relations avec les employés et conflits"" in function ""Relations Employés (""HR BP"")""","Role: You are a data analyst specializing in Human Resources (HR) processes.

Context: You have this .csv file  that contains data on various HR Functions and their corresponding HR Activities. This file provides insights into the time allocation for each HR Function and Activity, and potential productivity gains through the use of Artificial Intelligence (AI).

Task: Your job is to analyze this .csv file and prepare a report. The report should offer recommendations on which HR Functions and Activities should be prioritized for AI transformation.

Report Specifications:
- The report should be concise, not exceeding 600 words.
- It should include text, graphs, and diagrams (using the ""daigr.am"" plugin, if possible).
- The report should begin with a succinct executive summary that includes: the total hours currently spent on HR, the overall potential for productivity improvement with AI, a graph showing productivity potential by HR Function, and the top 3 HR Activities with the greatest productivity potential.
- The report should be structured as follows: 1. Analysis of the current situation for each HR Function and Activity; 2. AI potential for each HR Function and Activity; 3. Recommendations for the top 3 priorities; 4. Specific actions to be taken.",,,,,,,,,,,,,,,,,,
UMBnK0owRt6PrVODAGr9yg,my6VdsqMSt2govE7qBhx0w,RH,bWbuzcfJR2y2f-5yUIw1ew,"Relations Employés (""HR BP"")",BmHH6SG3RqixKbAazXrk0w,Gestion du changement,GESTION DU CHANGEMENT,offrir des conseils sur le soutien à apporter aux départements dans le cadre de changements organisationnels,,,CRÉER,Change objectives,Stakeholder analysis,Communication plan,Training and support,Change objectives | Stakeholder analysis | Communication plan | Training and support | ,,,RH,,,Compensation & benefits (C&B), | ,0,0,"3693,4","3693,4",Stratégie RH,3000,Structure organisationnelle,"812,04","812,04",Stratégie RH,600,Structure organisationnelle,,"""Gestion du changement"" in function ""Relations Employés (""HR BP"")""","Role: You are a data analyst specializing in Human Resources (HR) processes.

Context: You have this .csv file  that contains data on various HR Functions and their corresponding HR Activities. This file provides insights into the time allocation for each HR Function and Activity, and potential productivity gains through the use of Artificial Intelligence (AI).

Task: Your job is to analyze this .csv file and prepare a report. The report should offer recommendations on which HR Functions and Activities should be prioritized for AI transformation.

Report Specifications:
- The report should be concise, not exceeding 600 words.
- It should include text, graphs, and diagrams (using the ""daigr.am"" plugin, if possible).
- The report should begin with a succinct executive summary that includes: the total hours currently spent on HR, the overall potential for productivity improvement with AI, a graph showing productivity potential by HR Function, and the top 3 HR Activities with the greatest productivity potential.
- The report should be structured as follows: 1. Analysis of the current situation for each HR Function and Activity; 2. AI potential for each HR Function and Activity; 3. Recommendations for the top 3 priorities; 4. Specific actions to be taken.",,,,,,,,,,,,,,,,,,
Y2w2C9ioRR-eVbnJNmXHrQ,my6VdsqMSt2govE7qBhx0w,RH,bWbuzcfJR2y2f-5yUIw1ew,"Relations Employés (""HR BP"")",dTbusgudRiOE7kNnXOifzw,Déploiement de la culture du lieu de travail,DÉPLOIEMENT DE LA CULTURE DU LIEU DE TRAVAIL,Aider à aborder et à résoudre les problèmes et les conflits sur le lieu de travail.,,,CRÉER,Workplace issues,Conflict resolution strategies,Legal guidelines,Employee feedback,Workplace issues | Conflict resolution strategies | Legal guidelines | Employee feedback | ,,,RH,,,Compensation & benefits (C&B), | ,0,0,"3693,4","3693,4",Stratégie RH,3000,Structure organisationnelle,"812,04","812,04",Stratégie RH,600,Structure organisationnelle,,"""Déploiement de la culture du lieu de travail"" in function ""Relations Employés (""HR BP"")""","Role: You are a data analyst specializing in Human Resources (HR) processes.

Context: You have this .csv file  that contains data on various HR Functions and their corresponding HR Activities. This file provides insights into the time allocation for each HR Function and Activity, and potential productivity gains through the use of Artificial Intelligence (AI).

Task: Your job is to analyze this .csv file and prepare a report. The report should offer recommendations on which HR Functions and Activities should be prioritized for AI transformation.

Report Specifications:
- The report should be concise, not exceeding 600 words.
- It should include text, graphs, and diagrams (using the ""daigr.am"" plugin, if possible).
- The report should begin with a succinct executive summary that includes: the total hours currently spent on HR, the overall potential for productivity improvement with AI, a graph showing productivity potential by HR Function, and the top 3 HR Activities with the greatest productivity potential.
- The report should be structured as follows: 1. Analysis of the current situation for each HR Function and Activity; 2. AI potential for each HR Function and Activity; 3. Recommendations for the top 3 priorities; 4. Specific actions to be taken.",,,,,,,,,,,,,,,,,,
nmCxEWHVQJmaIU-U9DGMdQ,my6VdsqMSt2govE7qBhx0w,RH,bWbuzcfJR2y2f-5yUIw1ew,"Relations Employés (""HR BP"")",6C1Reo6kQQaG445WTFxYsw,Sortie des employés,SORTIE DES EMPLOYÉS,Fournir des modèles et des lignes directrices pour la gestion des processus de départ des employés.,,,CRÉER,Departure reasons,Exit procedures,Legal requirements,Final settlement details,Departure reasons | Exit procedures | Legal requirements | Final settlement details | ,,,RH,,,Compensation & benefits (C&B), | ,0,0,"3693,4","3693,4",Stratégie RH,3000,Structure organisationnelle,"812,04","812,04",Stratégie RH,600,Structure organisationnelle,,"""Sortie des employés"" in function ""Relations Employés (""HR BP"")""","Role: You are a data analyst specializing in Human Resources (HR) processes.

Context: You have this .csv file  that contains data on various HR Functions and their corresponding HR Activities. This file provides insights into the time allocation for each HR Function and Activity, and potential productivity gains through the use of Artificial Intelligence (AI).

Task: Your job is to analyze this .csv file and prepare a report. The report should offer recommendations on which HR Functions and Activities should be prioritized for AI transformation.

Report Specifications:
- The report should be concise, not exceeding 600 words.
- It should include text, graphs, and diagrams (using the ""daigr.am"" plugin, if possible).
- The report should begin with a succinct executive summary that includes: the total hours currently spent on HR, the overall potential for productivity improvement with AI, a graph showing productivity potential by HR Function, and the top 3 HR Activities with the greatest productivity potential.
- The report should be structured as follows: 1. Analysis of the current situation for each HR Function and Activity; 2. AI potential for each HR Function and Activity; 3. Recommendations for the top 3 priorities; 4. Specific actions to be taken.",,,,,,,,,,,,,,,,,,
HgiI-mMRQdSCrR-YgHgquQ,my6VdsqMSt2govE7qBhx0w,RH,bWbuzcfJR2y2f-5yUIw1ew,"Relations Employés (""HR BP"")",YyVC1pW7QmKJ9SGtl.UPqg,Logiciels et outils,LOGICIELS ET OUTILS,Trouver des logiciels adaptés à la gestion des activités liées aux relations avec les salariés.,,,CHERCHER,Current HRBP tools,User requirements,Budget,Technical specifications,Current HRBP tools | User requirements | Budget | Technical specifications | ,,,RH,,,Compensation & benefits (C&B), | ,0,0,"3693,4","3693,4",Stratégie RH,3000,Structure organisationnelle,"812,04","812,04",Stratégie RH,600,Structure organisationnelle,,"""Logiciels et outils"" in function ""Relations Employés (""HR BP"")""","Role: You are a data analyst specializing in Human Resources (HR) processes.

Context: You have this .csv file  that contains data on various HR Functions and their corresponding HR Activities. This file provides insights into the time allocation for each HR Function and Activity, and potential productivity gains through the use of Artificial Intelligence (AI).

Task: Your job is to analyze this .csv file and prepare a report. The report should offer recommendations on which HR Functions and Activities should be prioritized for AI transformation.

Report Specifications:
- The report should be concise, not exceeding 600 words.
- It should include text, graphs, and diagrams (using the ""daigr.am"" plugin, if possible).
- The report should begin with a succinct executive summary that includes: the total hours currently spent on HR, the overall potential for productivity improvement with AI, a graph showing productivity potential by HR Function, and the top 3 HR Activities with the greatest productivity potential.
- The report should be structured as follows: 1. Analysis of the current situation for each HR Function and Activity; 2. AI potential for each HR Function and Activity; 3. Recommendations for the top 3 priorities; 4. Specific actions to be taken.",,,,,,,,,,,,,,,,,,
JUdVROr7R323RxODQyBDvg,my6VdsqMSt2govE7qBhx0w,RH,bWbuzcfJR2y2f-5yUIw1ew,"Relations Employés (""HR BP"")",YyVC1pW7QmKJ9SGtl.UPqg,Logiciels et outils,LOGICIELS ET OUTILS,Recommander des logiciels et des outils pour gérer les activités liées aux relations avec les employés.,,,CRÉER,Current HRBP tools,User requirements,Budget,Technical specifications,Current HRBP tools | User requirements | Budget | Technical specifications | ,,,RH,,,Compensation & benefits (C&B), | ,0,0,"3693,4","3693,4",Stratégie RH,3000,Structure organisationnelle,"812,04","812,04",Stratégie RH,600,Structure organisationnelle,,"""Logiciels et outils"" in function ""Relations Employés (""HR BP"")""","Role: You are a data analyst specializing in Human Resources (HR) processes.

Context: You have this .csv file  that contains data on various HR Functions and their corresponding HR Activities. This file provides insights into the time allocation for each HR Function and Activity, and potential productivity gains through the use of Artificial Intelligence (AI).

Task: Your job is to analyze this .csv file and prepare a report. The report should offer recommendations on which HR Functions and Activities should be prioritized for AI transformation.

Report Specifications:
- The report should be concise, not exceeding 600 words.
- It should include text, graphs, and diagrams (using the ""daigr.am"" plugin, if possible).
- The report should begin with a succinct executive summary that includes: the total hours currently spent on HR, the overall potential for productivity improvement with AI, a graph showing productivity potential by HR Function, and the top 3 HR Activities with the greatest productivity potential.
- The report should be structured as follows: 1. Analysis of the current situation for each HR Function and Activity; 2. AI potential for each HR Function and Activity; 3. Recommendations for the top 3 priorities; 4. Specific actions to be taken.",,,,,,,,,,,,,,,,,,